{
    "status": "locked", 
    "versionTitle": "Tanach with Text Only", 
    "sectionNames": [
        "Chapter", 
        "Verse"
    ], 
    "license": "Public Domain", 
    "language": "he", 
    "title": "Amos", 
    "licenseVetted": true, 
    "text": [
        [
            "דברי עמוס אשר־היה בנקדים מתקוע אשר חזה על־ישראל בימי עזיה מלך־יהודה ובימי ירבעם בן־יואש מלך ישראל שנתים לפני הרעש", 
            "ויאמר יהוה מציון ישאג ומירושלם יתן קולו ואבלו נאות הרעים ויבש ראש הכרמל", 
            "כה אמר יהוה על־שלשה פשעי דמשק ועל־ארבעה לא אשיבנו על־דושם בחרצות הברזל את־הגלעד", 
            "ושלחתי אש בבית חזאל ואכלה ארמנות בן־הדד", 
            "ושברתי בריח דמשק והכרתי יושב מבקעת־און ותומך שבט מבית עדן וגלו עם־ארם קירה אמר יהוה", 
            "כה אמר יהוה על־שלשה פשעי עזה ועל־ארבעה לא אשיבנו על־הגלותם גלות שלמה להסגיר לאדום", 
            "ושלחתי אש בחומת עזה ואכלה ארמנתיה", 
            "והכרתי יושב מאשדוד ותומך שבט מאשקלון והשיבותי ידי על־עקרון ואבדו שארית פלשתים אמר אדני יהוה", 
            "כה אמר יהוה על־שלשה פשעי־צר ועל־ארבעה לא אשיבנו על־הסגירם גלות שלמה לאדום ולא זכרו ברית אחים", 
            "ושלחתי אש בחומת צר ואכלה ארמנתיה", 
            "כה אמר יהוה על־שלשה פשעי אדום ועל־ארבעה לא אשיבנו על־רדפו בחרב אחיו ושחת רחמיו ויטרף לעד אפו ועברתו שמרה נצח", 
            "ושלחתי אש בתימן ואכלה ארמנות בצרה", 
            "כה אמר יהוה על־שלשה פשעי בני־עמון ועל־ארבעה לא אשיבנו על־בקעם הרות הגלעד למען הרחיב את־גבולם", 
            "והצתי אש בחומת רבה ואכלה ארמנותיה בתרועה ביום מלחמה בסער ביום סופה", 
            "והלך מלכם בגולה הוא ושריו יחדו אמר יהוה"
        ], 
        [
            "כה אמר יהוה על־שלשה פשעי מואב ועל־ארבעה לא אשיבנו על־שרפו עצמות מלך־אדום לשיד", 
            "ושלחתי־אש במואב ואכלה ארמנות הקריות ומת בשאון מואב בתרועה בקול שופר", 
            "והכרתי שופט מקרבה וכל־שריה אהרוג עמו אמר יהוה", 
            "כה אמר יהוה על־שלשה פשעי יהודה ועל־ארבעה לא אשיבנו על־מאסם את־תורת יהוה וחקיו לא שמרו ויתעום כזביהם אשר־הלכו אבותם אחריהם", 
            "ושלחתי אש ביהודה ואכלה ארמנות ירושלם", 
            "כה אמר יהוה על־שלשה פשעי ישראל ועל־ארבעה לא אשיבנו על־מכרם בכסף צדיק ואביון בעבור נעלים", 
            "השאפים על־עפר־ארץ בראש דלים ודרך ענוים יטו ואיש ואביו ילכו אל־הנערה למען חלל את־שם קדשי", 
            "ועל־בגדים חבלים יטו אצל כל־מזבח ויין ענושים ישתו בית אלהיהם", 
            "ואנכי השמדתי את־האמרי מפניהם אשר כגבה ארזים גבהו וחסן הוא כאלונים ואשמיד פריו ממעל ושרשיו מתחת", 
            "ואנכי העליתי אתכם מארץ מצרים ואולך אתכם במדבר ארבעים שנה לרשת את־ארץ האמרי", 
            "ואקים מבניכם לנביאים ומבחוריכם לנזרים האף אין־זאת בני ישראל נאם־יהוה", 
            "ותשקו את־הנזרים יין ועל־הנביאים צויתם לאמר לא תנבאו", 
            "הנה אנכי מעיק תחתיכם כאשר תעיק העגלה המלאה לה עמיר", 
            "ואבד מנוס מקל וחזק לא־יאמץ כחו וגבור לא־ימלט נפשו", 
            "ותפש הקשת לא יעמד וקל ברגליו לא ימלט ורכב הסוס לא ימלט נפשו", 
            "ואמיץ לבו בגבורים ערום ינוס ביום־ההוא נאם־יהוה"
        ], 
        [
            "שמעו את־הדבר הזה אשר דבר יהוה עליכם בני ישראל על כל־המשפחה אשר העליתי מארץ מצרים לאמר", 
            "רק אתכם ידעתי מכל משפחות האדמה על־כן אפקד עליכם את כל־עונתיכם", 
            "הילכו שנים יחדו בלתי אם־נועדו", 
            "הישאג אריה ביער וטרף אין לו היתן כפיר קולו ממענתו בלתי אם־לכד", 
            "התפל צפור על־פח הארץ ומוקש אין לה היעלה־פח מן־האדמה ולכוד לא ילכוד", 
            "אם־יתקע שופר בעיר ועם לא יחרדו אם־תהיה רעה בעיר ויהוה לא עשה", 
            "כי לא יעשה אדני יהוה דבר כי אם־גלה סודו אל־עבדיו הנביאים", 
            "אריה שאג מי לא יירא אדני יהוה דבר מי לא ינבא", 
            "השמיעו על־ארמנות באשדוד ועל־ארמנות בארץ מצרים ואמרו האספו על־הרי שמרון וראו מהומת רבות בתוכה ועשוקים בקרבה", 
            "ולא־ידעו עשות־נכחה נאם־יהוה האוצרים חמס ושד בארמנותיהם", 
            "לכן כה אמר אדני יהוה צר וסביב הארץ והורד ממך עזך ונבזו ארמנותיך", 
            "כה אמר יהוה כאשר יציל הרעה מפי הארי שתי כרעים או בדל־אזן כן ינצלו בני ישראל הישבים בשמרון בפאת מטה ובדמשק ערש", 
            "שמעו והעידו בבית יעקב נאם־אדני יהוה אלהי הצבאות", 
            "כי ביום פקדי פשעי־ישראל עליו ופקדתי על־מזבחות בית־אל ונגדעו קרנות המזבח ונפלו לארץ", 
            "והכיתי בית־החרף על־בית הקיץ ואבדו בתי השן וספו בתים רבים נאם־יהוה"
        ], 
        [
            "שמעו הדבר הזה פרות הבשן אשר בהר שמרון העשקות דלים הרצצות אביונים האמרת לאדניהם הביאה ונשתה", 
            "נשבע אדני יהוה בקדשו כי הנה ימים באים עליכם ונשא אתכם בצנות ואחריתכן בסירות דוגה", 
            "ופרצים תצאנה אשה נגדה והשלכתנה ההרמונה נאם־יהוה", 
            "באו בית־אל ופשעו הגלגל הרבו לפשע והביאו לבקר זבחיכם לשלשת ימים מעשרתיכם", 
            "וקטר מחמץ תודה וקראו נדבות השמיעו כי כן אהבתם בני ישראל נאם אדני יהוה", 
            "וגם־אני נתתי לכם נקיון שנים בכל־עריכם וחסר לחם בכל מקומתיכם ולא־שבתם עדי נאם־יהוה", 
            "וגם אנכי מנעתי מכם את־הגשם בעוד שלשה חדשים לקציר והמטרתי על־עיר אחת ועל־עיר אחת לא אמטיר חלקה אחת תמטר וחלקה אשר־לא־תמטיר עליה תיבש", 
            "ונעו שתים שלש ערים אל־עיר אחת לשתות מים ולא ישבעו ולא־שבתם עדי נאם־יהוה", 
            "הכיתי אתכם בשדפון ובירקון הרבות גנותיכם וכרמיכם ותאניכם וזיתיכם יאכל הגזם ולא־שבתם עדי נאם־יהוה", 
            "שלחתי בכם דבר בדרך מצרים הרגתי בחרב בחוריכם עם שבי סוסיכם ואעלה באש מחניכם ובאפכם ולא־שבתם עדי נאם־יהוה", 
            "הפכתי בכם כמהפכת אלהים את־סדם ואת־עמרה ותהיו כאוד מצל משרפה ולא־שבתם עדי נאם־יהוה", 
            "לכן כה אעשה־לך ישראל עקב כי־זאת אעשה־לך הכון לקראת־אלהיך ישראל", 
            "כי הנה יוצר הרים וברא רוח ומגיד לאדם מה־שחו עשה שחר עיפה ודרך על־במתי ארץ יהוה אלהי־צבאות שמו"
        ], 
        [
            "שמעו את־הדבר הזה אשר אנכי נשא עליכם קינה בית ישראל", 
            "נפלה לא־תוסיף קום בתולת ישראל נטשה על־אדמתה אין מקימה", 
            "כי כה אמר אדני יהוה העיר היצאת אלף תשאיר מאה והיוצאת מאה תשאיר עשרה לבית ישראל", 
            "כי כה אמר יהוה לבית ישראל דרשוני וחיו", 
            "ואל־תדרשו בית־אל והגלגל לא תבאו ובאר שבע לא תעברו כי הגלגל גלה יגלה ובית־אל יהיה לאון", 
            "דרשו את־יהוה וחיו פן־יצלח כאש בית יוסף ואכלה ואין־מכבה לבית־אל", 
            "ההפכים ללענה משפט וצדקה לארץ הניחו", 
            "עשה כימה וכסיל והפך לבקר צלמות ויום לילה החשיך הקורא למי־הים וישפכם על־פני הארץ יהוה שמו", 
            "המבליג שד על־עז ושד על־מבצר יבוא", 
            "שנאו בשער מוכיח ודבר תמים יתעבו", 
            "לכן יען בושסכם על־דל ומשאת־בר תקחו ממנו בתי גזית בניתם ולא־תשבו בם כרמי־חמד נטעתם ולא תשתו את־יינם", 
            "כי ידעתי רבים פשעיכם ועצמים חטאתיכם צררי צדיק לקחי כפר ואביונים בשער הטו", 
            "לכן המשכיל בעת ההיא ידם כי עת רעה היא", 
            "דרשו־טוב ואל־רע למען תחיו ויהי־כן יהוה אלהי־צבאות אתכם כאשר אמרתם", 
            "שנאו־רע ואהבו טוב והציגו בשער משפט אולי יחנן יהוה אלהי־צבאות שארית יוסף", 
            "לכן כה־אמר יהוה אלהי צבאות אדני בכל־רחבות מספד ובכל־חוצות יאמרו הו־הו וקראו אכר אל־אבל ומספד אל־יודעי נהי", 
            "ובכל־כרמים מספד כי־אעבר בקרבך אמר יהוה", 
            "הוי המתאוים את־יום יהוה למה־זה לכם יום יהוה הוא־חשך ולא־אור", 
            "כאשר ינוס איש מפני הארי ופגעו הדב ובא הבית וסמך ידו על־הקיר ונשכו הנחש", 
            "הלא־חשך יום יהוה ולא־אור ואפל ולא־נגה לו", 
            "שנאתי מאסתי חגיכם ולא אריח בעצרתיכם", 
            "כי אם־תעלו־לי עלות ומנחתיכם לא ארצה ושלם מריאיכם לא אביט", 
            "הסר מעלי המון שריך וזמרת נבליך לא אשמע", 
            "ויגל כמים משפט וצדקה כנחל איתן", 
            "הזבחים ומנחה הגשתם־לי במדבר ארבעים שנה בית ישראל", 
            "ונשאתם את סכות מלככם ואת כיון צלמיכם כוכב אלהיכם אשר עשיתם לכם", 
            "והגליתי אתכם מהלאה לדמשק אמר יהוה אלהי־צבאות שמו"
        ], 
        [
            "הוי השאננים בציון והבטחים בהר שמרון נקבי ראשית הגוים ובאו להם בית ישראל", 
            "עברו כלנה וראו ולכו משם חמת רבה ורדו גת־פלשתים הטובים מן־הממלכות האלה אם־רב גבולם מגבלכם", 
            "המנדים ליום רע ותגישון שבת חמס", 
            "השכבים על־מטות שן וסרחים על־ערשותם ואכלים כרים מצאן ועגלים מתוך מרבק", 
            "הפרטים על־פי הנבל כדויד חשבו להם כלי־שיר", 
            "השתים במזרקי יין וראשית שמנים ימשחו ולא נחלו על־שבר יוסף", 
            "לכן עתה יגלו בראש גלים וסר מרזח סרוחים", 
            "נשבע אדני יהוה בנפשו נאם־יהוה אלהי צבאות מתאב אנכי את־גאון יעקב וארמנתיו שנאתי והסגרתי עיר ומלאה", 
            "והיה אם־יותרו עשרה אנשים בבית אחד ומתו", 
            "ונשאו דודו ומסרפו להוציא עצמים מן־הבית ואמר לאשר בירכתי הבית העוד עמך ואמר אפס ואמר הס כי לא להזכיר בשם יהוה", 
            "כי־הנה יהוה מצוה והכה הבית הגדול רסיסים והבית הקטן בקעים", 
            "הירצון בסלע סוסים אם־יחרוש בבקרים כי־הפכתם לראש משפט ופרי צדקה ללענה", 
            "השמחים ללא דבר האמרים הלוא בחזקנו לקחנו לנו קרנים", 
            "כי הנני מקים עליכם בית ישראל נאם־יהוה אלהי הצבאות גוי ולחצו אתכם מלבוא חמת עד־נחל הערבה"
        ], 
        [
            "כה הראני אדני יהוה והנה יוצר גבי בתחלת עלות הלקש והנה־לקש אחר גזי המלך", 
            "והיה אם־כלה לאכול את־עשב הארץ ואמר אדני יהוה סלח־נא מי יקום יעקב כי קטן הוא", 
            "נחם יהוה על־זאת לא תהיה אמר יהוה", 
            "כה הראני אדני יהוה והנה קרא לרב באש אדני יהוה ותאכל את־תהום רבה ואכלה את־החלק", 
            "ואמר אדני יהוה חדל־נא מי יקום יעקב כי קטן הוא", 
            "נחם יהוה על־זאת גם־היא לא תהיה אמר אדני יהוה", 
            "כה הראני והנה אדני נצב על־חומת אנך ובידו אנך", 
            "ויאמר יהוה אלי מה־אתה ראה עמוס ואמר אנך ויאמר אדני הנני שם אנך בקרב עמי ישראל לא־אוסיף עוד עבור לו", 
            "ונשמו במות ישחק ומקדשי ישראל יחרבו וקמתי על־בית ירבעם בחרב", 
            "וישלח אמציה כהן בית־אל אל־ירבעם מלך־ישראל לאמר קשר עליך עמוס בקרב בית ישראל לא־תוכל הארץ להכיל את־כל־דבריו", 
            "כי־כה אמר עמוס בחרב ימות ירבעם וישראל גלה יגלה מעל אדמתו", 
            "ויאמר אמציה אל־עמוס חזה לך ברח־לך אל־ארץ יהודה ואכל־שם לחם ושם תנבא", 
            "ובית־אל לא־תוסיף עוד להנבא כי מקדש־מלך הוא ובית ממלכה הוא", 
            "ויען עמוס ויאמר אל־אמציה לא־נביא אנכי ולא בן־נביא אנכי כי־בוקר אנכי ובולס שקמים", 
            "ויקחני יהוה מאחרי הצאן ויאמר אלי יהוה לך הנבא אל־עמי ישראל", 
            "ועתה שמע דבר־יהוה אתה אמר לא תנבא על־ישראל ולא תטיף על־בית ישחק", 
            "לכן כה־אמר יהוה אשתך בעיר תזנה ובניך ובנתיך בחרב יפלו ואדמתך בחבל תחלק ואתה על־אדמה טמאה תמות וישראל גלה יגלה מעל אדמתו"
        ], 
        [
            "כה הראני אדני יהוה והנה כלוב קיץ", 
            "ויאמר מה־אתה ראה עמוס ואמר כלוב קיץ ויאמר יהוה אלי בא הקץ אל־עמי ישראל לא־אוסיף עוד עבור לו", 
            "והילילו שירות היכל ביום ההוא נאם אדני יהוה רב הפגר בכל־מקום השליך הס", 
            "שמעו־זאת השאפים אביון ולשבית ענוי־[עניי־] ארץ", 
            "לאמר מתי יעבר החדש ונשבירה שבר והשבת ונפתחה־בר להקטין איפה ולהגדיל שקל ולעות מאזני מרמה", 
            "לקנות בכסף דלים ואביון בעבור נעלים ומפל בר נשביר", 
            "נשבע יהוה בגאון יעקב אם־אשכח לנצח כל־מעשיהם", 
            "העל זאת לא־תרגז הארץ ואבל כל־יושב בה ועלתה כאר כלה ונגרשה ונשקה [ונשקעה] כיאור מצרים", 
            "והיה ביום ההוא נאם אדני יהוה והבאתי השמש בצהרים והחשכתי לארץ ביום אור", 
            "והפכתי חגיכם לאבל וכל־שיריכם לקינה והעליתי על־כל־מתנים שק ועל־כל־ראש קרחה ושמתיה כאבל יחיד ואחריתה כיום מר", 
            "הנה ימים באים נאם אדני יהוה והשלחתי רעב בארץ לא־רעב ללחם ולא־צמא למים כי אם־לשמע את דברי יהוה", 
            "ונעו מים עד־ים ומצפון ועד־מזרח ישוטטו לבקש את־דבר־יהוה ולא ימצאו", 
            "ביום ההוא תתעלפנה הבתולת היפות והבחורים בצמא", 
            "הנשבעים באשמת שמרון ואמרו חי אלהיך דן וחי דרך באר־שבע ונפלו ולא־יקומו עוד"
        ], 
        [
            "ראיתי את־אדני נצב על־המזבח ויאמר הך הכפתור וירעשו הספים ובצעם בראש כלם ואחריתם בחרב אהרג לא־ינוס להם נס ולא־ימלט להם פליט", 
            "אם־יחתרו בשאול משם ידי תקחם ואם־יעלו השמים משם אורידם", 
            "ואם־יחבאו בראש הכרמל משם אחפש ולקחתים ואם־יסתרו מנגד עיני בקרקע הים משם אצוה את־הנחש ונשכם", 
            "ואם־ילכו בשבי לפני איביהם משם אצוה את־החרב והרגתם ושמתי עיני עליהם לרעה ולא לטובה", 
            "ואדני יהוה הצבאות הנוגע בארץ ותמוג ואבלו כל־יושבי בה ועלתה כיאר כלה ושקעה כיאר מצרים", 
            "הבונה בשמים מעלותו [מעלותיו] ואגדתו על־ארץ יסדה הקרא למי־הים וישפכם על־פני הארץ יהוה שמו", 
            "הלוא כבני כשיים אתם לי בני ישראל נאם־יהוה הלוא את־ישראל העליתי מארץ מצרים ופלשתיים מכפתור וארם מקיר", 
            "הנה עיני אדני יהוה בממלכה החטאה והשמדתי אתה מעל פני האדמה אפס כי לא השמיד אשמיד את־בית יעקב נאם־יהוה", 
            "כי־הנה אנכי מצוה והנעותי בכל־הגוים את־בית ישראל כאשר ינוע בכברה ולא־יפול צרור ארץ", 
            "בחרב ימותו כל חטאי עמי האמרים לא־תגיש ותקדים בעדינו הרעה", 
            "ביום ההוא אקים את־סכת דויד הנפלת וגדרתי את־פרציהן והרסתיו אקים ובניתיה כימי עולם", 
            "למען יירשו את־שארית אדום וכל־הגוים אשר־נקרא שמי עליהם נאם־יהוה עשה זאת", 
            "הנה ימים באים נאם־יהוה ונגש חורש בקצר ודרך ענבים במשך הזרע והטיפו ההרים עסיס וכל־הגבעות תתמוגגנה", 
            "ושבתי את־שבות עמי ישראל ובנו ערים נשמות וישבו ונטעו כרמים ושתו את־יינם ועשו גנות ואכלו את־פריהם", 
            "ונטעתים על־אדמתם ולא ינתשו עוד מעל אדמתם אשר נתתי להם אמר יהוה אלהיך"
        ]
    ], 
    "versionSource": "http://www.tanach.us/Tanach.xml", 
    "heTitle": "עמוס", 
    "categories": [
        "Tanakh", 
        "Prophets"
    ]
}