{
    "status": "locked", 
    "versionTitle": "Tanach with Text Only", 
    "sectionNames": [
        "Chapter", 
        "Verse"
    ], 
    "license": "Public Domain", 
    "language": "he", 
    "title": "Song of Songs", 
    "licenseVetted": true, 
    "text": [
        [
            "שיר השירים אשר לשלמה", 
            "ישקני מנשיקות פיהו כי־טובים דדיך מיין", 
            "לריח שמניך טובים שמן תורק שמך על־כן עלמות אהבוך", 
            "משכני אחריך נרוצה הביאני המלך חדריו נגילה ונשמחה בך נזכירה דדיך מיין מישרים אהבוך", 
            "שחורה אני ונאוה בנות ירושלם כאהלי קדר כיריעות שלמה", 
            "אל־תראוני שאני שחרחרת ששזפתני השמש בני אמי נחרו־בי שמני נטרה את־הכרמים כרמי שלי לא נטרתי", 
            "הגידה לי שאהבה נפשי איכה תרעה איכה תרביץ בצהרים שלמה אהיה כעטיה על עדרי חבריך", 
            "אם־לא תדעי לך היפה בנשים צאי־לך בעקבי הצאן ורעי את־גדיתיך על משכנות הרעים", 
            "לססתי ברכבי פרעה דמיתיך רעיתי", 
            "נאוו לחייך בתרים צוארך בחרוזים", 
            "תורי זהב נעשה־לך עם נקדות הכסף", 
            "עד־שהמלך במסבו נרדי נתן ריחו", 
            "צרור המר דודי לי בין שדי ילין", 
            "אשכל הכפר דודי לי בכרמי עין גדי", 
            "הנך יפה רעיתי הנך יפה עיניך יונים", 
            "הנך יפה דודי אף נעים אף־ערשנו רעננה", 
            "קרות בתינו ארזים רחיטנו [רהיטנו] ברותים"
        ], 
        [
            "אני חבצלת השרון שושנת העמקים", 
            "כשושנה בין החוחים כן רעיתי בין הבנות", 
            "כתפוח בעצי היער כן דודי בין הבנים בצלו חמדתי וישבתי ופריו מתוק לחכי", 
            "הביאני אל־בית היין ודגלו עלי אהבה", 
            "סמכוני באשישות רפדוני בתפוחים כי־חולת אהבה אני", 
            "שמאלו תחת לראשי וימינו תחבקני", 
            "השבעתי אתכם בנות ירושלם בצבאות או באילות השדה אם־תעירו ואם־תעוררו את־האהבה עד שתחפץ", 
            "קול דודי הנה־זה בא מדלג על־ההרים מקפץ על־הגבעות", 
            "דומה דודי לצבי או לעפר האילים הנה־זה עומד אחר כתלנו משגיח מן־החלנות מציץ מן־החרכים", 
            "ענה דודי ואמר לי קומי לך רעיתי יפתי ולכי־לך", 
            "כי־הנה הסתו [הסתיו] עבר הגשם חלף הלך לו", 
            "הנצנים נראו בארץ עת הזמיר הגיע וקול התור נשמע בארצנו", 
            "התאנה חנטה פגיה והגפנים סמדר נתנו ריח קומי לכי [לך] רעיתי יפתי ולכי־לך", 
            "יונתי בחגוי הסלע בסתר המדרגה הראיני את־מראיך השמיעיני את־קולך כי־קולך ערב ומראיך נאוה", 
            "אחזו־לנו שועלים שועלים קטנים מחבלים כרמים וכרמינו סמדר", 
            "דודי לי ואני לו הרעה בשושנים", 
            "עד שיפוח היום ונסו הצללים סב דמה־לך דודי לצבי או לעפר האילים על־הרי בתר"
        ], 
        [
            "על־משכבי בלילות בקשתי את שאהבה נפשי בקשתיו ולא מצאתיו", 
            "אקומה נא ואסובבה בעיר בשוקים וברחבות אבקשה את שאהבה נפשי בקשתיו ולא מצאתיו", 
            "מצאוני השמרים הסבבים בעיר את שאהבה נפשי ראיתם", 
            "כמעט שעברתי מהם עד שמצאתי את שאהבה נפשי אחזתיו ולא ארפנו עד־שהביאתיו אל־בית אמי ואל־חדר הורתי", 
            "השבעתי אתכם בנות ירושלם בצבאות או באילות השדה אם־תעירו ואם־תעוררו את־האהבה עד שתחפץ", 
            "מי זאת עלה מן־המדבר כתימרות עשן מקטרת מור ולבונה מכל אבקת רוכל", 
            "הנה מטתו שלשלמה ששים גברים סביב לה מגברי ישראל", 
            "כלם אחזי חרב מלמדי מלחמה איש חרבו על־ירכו מפחד בלילות", 
            "אפריון עשה לו המלך שלמה מעצי הלבנון", 
            "עמודיו עשה כסף רפידתו זהב מרכבו ארגמן תוכו רצוף אהבה מבנות ירושלם", 
            "צאינה וראינה בנות ציון במלך שלמה בעטרה שעטרה־לו אמו ביום חתנתו וביום שמחת לבו"
        ], 
        [
            "הנך יפה רעיתי הנך יפה עיניך יונים מבעד לצמתך שערך כעדר העזים שגלשו מהר גלעד", 
            "שניך כעדר הקצובות שעלו מן־הרחצה שכלם מתאימות ושכלה אין בהם", 
            "כחוט השני שפתתיך ומדבריך נאוה כפלח הרמון רקתך מבעד לצמתך", 
            "כמגדל דויד צוארך בנוי לתלפיות אלף המגן תלוי עליו כל שלטי הגבורים", 
            "שני שדיך כשני עפרים תאומי צביה הרועים בשושנים", 
            "עד שיפוח היום ונסו הצללים אלך לי אל־הר המור ואל־גבעת הלבונה", 
            "כלך יפה רעיתי ומום אין בך", 
            "אתי מלבנון כלה אתי מלבנון תבואי תשורי מראש אמנה מראש שניר וחרמון ממענות אריות מהררי נמרים", 
            "לבבתני אחתי כלה לבבתיני באחד [באחת] מעיניך באחד ענק מצורניך", 
            "מה־יפו דדיך אחתי כלה מה־טבו דדיך מיין וריח שמניך מכל־בשמים", 
            "נפת תטפנה שפתותיך כלה דבש וחלב תחת לשונך וריח שלמתיך כריח לבנון", 
            "גן נעול אחתי כלה גל נעול מעין חתום", 
            "שלחיך פרדס רמונים עם פרי מגדים כפרים עם־נרדים", 
            "נרד וכרכם קנה וקנמון עם כל־עצי לבונה מר ואהלות עם כל־ראשי בשמים", 
            "מעין גנים באר מים חיים ונזלים מן־לבנון", 
            "עורי צפון ובואי תימן הפיחי גני יזלו בשמיו יבא דודי לגנו ויאכל פרי מגדיו"
        ], 
        [
            "באתי לגני אחתי כלה אריתי מורי עם־בשמי אכלתי יערי עם־דבשי שתיתי ייני עם־חלבי אכלו רעים שתו ושכרו דודים", 
            "אני ישנה ולבי ער קול דודי דופק פתחי־לי אחתי רעיתי יונתי תמתי שראשי נמלא־טל קוצותי רסיסי לילה", 
            "פשטתי את־כתנתי איככה אלבשנה רחצתי את־רגלי איככה אטנפם", 
            "דודי שלח ידו מן־החר ומעי המו עליו", 
            "קמתי אני לפתח לדודי וידי נטפו־מור ואצבעתי מור עבר על כפות המנעול", 
            "פתחתי אני לדודי ודודי חמק עבר נפשי יצאה בדברו בקשתיהו ולא מצאתיהו קראתיו ולא ענני", 
            "מצאני השמרים הסבבים בעיר הכוני פצעוני נשאו את־רדידי מעלי שמרי החמות", 
            "השבעתי אתכם בנות ירושלם אם־תמצאו את־דודי מה־תגידו לו שחולת אהבה אני", 
            "מה־דודך מדוד היפה בנשים מה־דודך מדוד שככה השבעתנו", 
            "דודי צח ואדום דגול מרבבה", 
            "ראשו כתם פז קוצותיו תלתלים שחרות כעורב", 
            "עיניו כיונים על־אפיקי מים רחצות בחלב ישבות על־מלאת", 
            "לחיו כערוגת הבשם מגדלות מרקחים שפתותיו שושנים נטפות מור עבר", 
            "ידיו גלילי זהב ממלאים בתרשיש מעיו עשת שן מעלפת ספירים", 
            "שוקיו עמודי שש מיסדים על־אדני־פז מראהו כלבנון בחור כארזים", 
            "חכו ממתקים וכלו מחמדים זה דודי וזה רעי בנות ירושלם"
        ], 
        [
            "אנה הלך דודך היפה בנשים אנה פנה דודך ונבקשנו עמך", 
            "דודי ירד לגנו לערוגות הבשם לרעות בגנים וללקט שושנים", 
            "אני לדודי ודודי לי הרעה בשושנים", 
            "יפה את רעיתי כתרצה נאוה כירושלם אימה כנדגלות", 
            "הסבי עיניך מנגדי שהם הרהיבני שערך כעדר העזים שגלשו מן־הגלעד", 
            "שניך כעדר הרחלים שעלו מן־הרחצה שכלם מתאימות ושכלה אין בהם", 
            "כפלח הרמון רקתך מבעד לצמתך", 
            "ששים המה מלכות ושמנים פילגשים ועלמות אין מספר", 
            "אחת היא יונתי תמתי אחת היא לאמה ברה היא ליולדתה ראוה בנות ויאשרוה מלכות ופילגשים ויהללוה", 
            "מי־זאת הנשקפה כמו־שחר יפה כלבנה ברה כחמה אימה כנדגלות", 
            "אל־גנת אגוז ירדתי לראות באבי הנחל לראות הפרחה הגפן הנצו הרמנים", 
            "לא ידעתי נפשי שמתני מרכבות עמי־נדיב"
        ], 
        [
            "שובי שובי השולמית שובי שובי ונחזה־בך מה־תחזו בשולמית כמחלת המחנים", 
            "מה־יפו פעמיך בנעלים בת־נדיב חמוקי ירכיך כמו חלאים מעשה ידי אמן", 
            "שררך אגן הסהר אל־יחסר המזג בטנך ערמת חטים סוגה בשושנים", 
            "שני שדיך כשני עפרים תאמי צביה", 
            "צוארך כמגדל השן עיניך ברכות בחשבון על־שער בת־רבים אפך כמגדל הלבנון צופה פני דמשק", 
            "ראשך עליך ככרמל ודלת ראשך כארגמן מלך אסור ברהטים", 
            "מה־יפית ומה־נעמת אהבה בתענוגים", 
            "זאת קומתך דמתה לתמר ושדיך לאשכלות", 
            "אמרתי אעלה בתמר אחזה בסנסניו ויהיו־נא שדיך כאשכלות הגפן וריח אפך כתפוחים", 
            "וחכך כיין הטוב הולך לדודי למישרים דובב שפתי ישנים", 
            "אני לדודי ועלי תשוקתו", 
            "לכה דודי נצא השדה נלינה בכפרים", 
            "נשכימה לכרמים נראה אם פרחה הגפן פתח הסמדר הנצו הרמונים שם אתן את־דדי לך", 
            "הדודאים נתנו־ריח ועל־פתחינו כל־מגדים חדשים גם־ישנים דודי צפנתי לך"
        ], 
        [
            "מי יתנך כאח לי יונק שדי אמי אמצאך בחוץ אשקך גם לא־יבוזו לי", 
            "אנהגך אביאך אל־בית אמי תלמדני אשקך מיין הרקח מעסיס רמני", 
            "שמאלו תחת ראשי וימינו תחבקני", 
            "השבעתי אתכם בנות ירושלם מה־תעירו ומה־תעררו את־האהבה עד שתחפץ", 
            "מי זאת עלה מן־המדבר מתרפקת על־דודה תחת התפוח עוררתיך שמה חבלתך אמך שמה חבלה ילדתך", 
            "שימני כחותם על־לבך כחותם על־זרועך כי־עזה כמות אהבה קשה כשאול קנאה רשפיה רשפי אש שלהבתיה", 
            "מים רבים לא יוכלו לכבות את־האהבה ונהרות לא ישטפוה אם־יתן איש את־כל־הון ביתו באהבה בוז יבוזו לו", 
            "אחות לנו קטנה ושדים אין לה מה־נעשה לאחתנו ביום שידבר־בה", 
            "אם־חומה היא נבנה עליה טירת כסף ואם־דלת היא נצור עליה לוח ארז", 
            "אני חומה ושדי כמגדלות אז הייתי בעיניו כמוצאת שלום", 
            "כרם היה לשלמה בבעל המון נתן את־הכרם לנטרים איש יבא בפריו אלף כסף", 
            "כרמי שלי לפני האלף לך שלמה ומאתים לנטרים את־פריו", 
            "היושבת בגנים חברים מקשיבים לקולך השמיעיני", 
            "ברח דודי ודמה־לך לצבי או לעפר האילים על הרי בשמים"
        ]
    ], 
    "versionSource": "http://www.tanach.us/Tanach.xml", 
    "heTitle": "שיר השירים", 
    "categories": [
        "Tanakh", 
        "Writings"
    ]
}