{
    "status": "locked", 
    "versionTitle": "Tanach with Text Only", 
    "sectionNames": [
        "Chapter", 
        "Verse"
    ], 
    "license": "Public Domain", 
    "language": "he", 
    "title": "Lamentations", 
    "licenseVetted": true, 
    "text": [
        [
            "איכה ישבה בדד העיר רבתי עם היתה כאלמנה רבתי בגוים שרתי במדינות היתה למס", 
            "בכו תבכה בלילה ודמעתה על לחיה אין־לה מנחם מכל־אהביה כל־רעיה בגדו בה היו לה לאיבים", 
            "גלתה יהודה מעני ומרב עבדה היא ישבה בגוים לא מצאה מנוח כל־רדפיה השיגוה בין המצרים", 
            "דרכי ציון אבלות מבלי באי מועד כל־שעריה שוממין כהניה נאנחים בתולתיה נוגות והיא מר־לה", 
            "היו צריה לראש איביה שלו כי־יהוה הוגה על רב־פשעיה עולליה הלכו שבי לפני־צר", 
            "ויצא מן־בת־[מבת־] ציון כל־הדרה היו שריה כאילים לא־מצאו מרעה וילכו בלא־כח לפני רודף", 
            "זכרה ירושלם ימי עניה ומרודיה כל מחמדיה אשר היו מימי קדם בנפל עמה ביד־צר ואין עוזר לה ראוה צרים שחקו על משבתה", 
            "חטא חטאה ירושלם על־כן לנידה היתה כל־מכבדיה הזילוה כי־ראו ערותה גם־היא נאנחה ותשב אחור", 
            "טמאתה בשוליה לא זכרה אחריתה ותרד פלאים אין מנחם לה ראה יהוה את־עניי כי הגדיל אויב", 
            "ידו פרש צר על כל־מחמדיה כי־ראתה גוים באו מקדשה אשר צויתה לא־יבאו בקהל לך", 
            "כל־עמה נאנחים מבקשים לחם נתנו מחמודיהם [מחמדיהם] באכל להשיב נפש ראה יהוה והביטה כי הייתי זוללה", 
            "לוא אליכם כל־עברי דרך הביטו וראו אם־יש מכאוב כמכאבי אשר עולל לי אשר הוגה יהוה ביום חרון אפו", 
            "ממרום שלח־אש בעצמתי וירדנה פרש רשת לרגלי השיבני אחור נתנני שממה כל־היום דוה", 
            "נשקד על פשעי בידו ישתרגו עלו על־צוארי הכשיל כחי נתנני אדני בידי לא־אוכל קום", 
            "סלה כל־אבירי אדני בקרבי קרא עלי מועד לשבר בחורי גת דרך אדני לבתולת בת־יהודה", 
            "על־אלה אני בוכיה עיני עיני ירדה מים כי־רחק ממני מנחם משיב נפשי היו בני שוממים כי גבר אויב", 
            "פרשה ציון בידיה אין מנחם לה צוה יהוה ליעקב סביביו צריו היתה ירושלם לנדה ביניהם", 
            "צדיק הוא יהוה כי פיהו מריתי שמעו־נא כל־עמים [העמים] וראו מכאבי בתולתי ובחורי הלכו בשבי", 
            "קראתי למאהבי המה רמוני כהני וזקני בעיר גועו כי־בקשו אכל למו וישיבו את־נפשם", 
            "ראה יהוה כי־צר־לי מעי חמרמרו נהפך לבי בקרבי כי מרו מריתי מחוץ שכלה־חרב בבית כמות", 
            "שמעו כי נאנחה אני אין מנחם לי כל־איבי שמעו רעתי ששו כי אתה עשית הבאת יום־קראת ויהיו כמוני", 
            "תבא כל־רעתם לפניך ועולל למו כאשר עוללת לי על כל־פשעי כי־רבות אנחתי ולבי דוי"
        ], 
        [
            "איכה יעיב באפו אדני את־בת־ציון השליך משמים ארץ תפארת ישראל ולא־זכר הדם־רגליו ביום אפו", 
            "בלע אדני לא [ולא] חמל את כל־נאות יעקב הרס בעברתו מבצרי בת־יהודה הגיע לארץ חלל ממלכה ושריה", 
            "גדע בחרי אף כל קרן ישראל השיב אחור ימינו מפני אויב ויבער ביעקב כאש להבה אכלה סביב", 
            "דרך קשתו כאויב נצב ימינו כצר ויהרג כל מחמדי־עין באהל בת־ציון שפך כאש חמתו", 
            "היה אדני כאויב בלע ישראל בלע כל־ארמנותיה שחת מבצריו וירב בבת־יהודה תאניה ואניה", 
            "ויחמס כגן שכו שחת מועדו שכח יהוה בציון מועד ושבת וינאץ בזעם־אפו מלך וכהן", 
            "זנח אדני מזבחו נאר מקדשו הסגיר ביד־אויב חומת ארמנותיה קול נתנו בבית־יהוה כיום מועד", 
            "חשב יהוה להשחית חומת בת־ציון נטה קו לא־השיב ידו מבלע ויאבל־חל וחומה יחדו אמללו", 
            "טבעו בארץ שעריה אבד ושבר בריחיה מלכה ושריה בגוים אין תורה גם־נביאיה לא־מצאו חזון מיהוה", 
            "ישבו לארץ ידמו זקני בת־ציון העלו עפר על־ראשם חגרו שקים הורידו לארץ ראשן בתולת ירושלם", 
            "כלו בדמעות עיני חמרמרו מעי נשפך לארץ כבדי על־שבר בת־עמי בעטף עולל ויונק ברחבות קריה", 
            "לאמתם יאמרו איה דגן ויין בהתעטפם כחלל ברחבות עיר בהשתפך נפשם אל־חיק אמתם", 
            "מה־אעידך מה אדמה־לך הבת ירושלם מה אשוה־לך ואנחמך בתולת בת־ציון כי־גדול כים שברך מי ירפא־לך", 
            "נביאיך חזו לך שוא ותפל ולא־גלו על־עונך להשיב שביתך [שבותך] ויחזו לך משאות שוא ומדוחים", 
            "ספקו עליך כפים כל־עברי דרך שרקו וינעו ראשם על־בת ירושלם הזאת העיר שיאמרו כלילת יפי משוש לכל־הארץ", 
            "פצו עליך פיהם כל־אויביך שרקו ויחרקו־שן אמרו בלענו אך זה היום שקוינהו מצאנו ראינו", 
            "עשה יהוה אשר זמם בצע אמרתו אשר צוה מימי־קדם הרס ולא חמל וישמח עליך אויב הרים קרן צריך", 
            "צעק לבם אל־אדני חומת בת־ציון הורידי כנחל דמעה יומם ולילה אל־תתני פוגת לך אל־תדם בת־עינך", 
            "קומי רני בליל [בלילה] לראש אשמרות שפכי כמים לבך נכח פני אדני שאי אליו כפיך על־נפש עולליך העטופים ברעב בראש כל־חוצות", 
            "ראה יהוה והביטה למי עוללת כה אם־תאכלנה נשים פרים עללי טפחים אם־יהרג במקדש אדני כהן ונביא", 
            "שכבו לארץ חוצות נער וזקן בתולתי ובחורי נפלו בחרב הרגת ביום אפך טבחת לא חמלת", 
            "תקרא כיום מועד מגורי מסביב ולא היה ביום אף־יהוה פליט ושריד אשר־טפחתי ורביתי איבי כלם"
        ], 
        [
            "אני הגבר ראה עני בשבט עברתו", 
            "אותי נהג וילך חשך ולא־אור", 
            "אך בי ישב יהפך ידו כל־היום", 
            "בלה בשרי ועורי שבר עצמותי", 
            "בנה עלי ויקף ראש ותלאה", 
            "במחשכים הושיבני כמתי עולם", 
            "גדר בעדי ולא אצא הכביד נחשתי", 
            "גם כי אזעק ואשוע שתם תפלתי", 
            "גדר דרכי בגזית נתיבתי עוה", 
            "דב ארב הוא לי אריה [ארי] במסתרים", 
            "דרכי סורר ויפשחני שמני שמם", 
            "דרך קשתו ויציבני כמטרא לחץ", 
            "הביא בכליותי בני אשפתו", 
            "הייתי שחק לכל־עמי נגינתם כל־היום", 
            "השביעני במרורים הרוני לענה", 
            "ויגרס בחצץ שני הכפישני באפר", 
            "ותזנח משלום נפשי נשיתי טובה", 
            "ואמר אבד נצחי ותוחלתי מיהוה", 
            "זכר־עניי ומרודי לענה וראש", 
            "זכור תזכור ותשיח [ותשוח] עלי נפשי", 
            "זאת אשיב אל־לבי על־כן אוחיל", 
            "חסדי יהוה כי לא־תמנו כי לא־כלו רחמיו", 
            "חדשים לבקרים רבה אמונתך", 
            "חלקי יהוה אמרה נפשי על־כן אוחיל לו", 
            "טוב יהוה לקוו לנפש תדרשנו", 
            "טוב ויחיל ודומם לתשועת יהוה", 
            "טוב לגבר כי־ישא על בנעוריו", 
            "ישב בדד וידם כי נטל עליו", 
            "יתן בעפר פיהו אולי יש תקוה", 
            "יתן למכהו לחי ישבע בחרפה", 
            "כי לא יזנח לעולם אדני", 
            "כי אם־הוגה ורחם כרב חסדו [חסדיו]", 
            "כי לא ענה מלבו ויגה בני־איש", 
            "לדכא תחת רגליו כל אסירי ארץ", 
            "להטות משפט־גבר נגד פני עליון", 
            "לעות אדם בריבו אדני לא ראה", 
            "מי זה אמר ותהי אדני לא צוה", 
            "מפי עליון לא תצא הרעות והטוב", 
            "מה־יתאונן אדם חי גבר על־חטאו [חטאיו]", 
            "נחפשה דרכינו ונחקרה ונשובה עד־יהוה", 
            "נשא לבבנו אל־כפים אל־אל בשמים", 
            "נחנו פשענו ומרינו אתה לא סלחת", 
            "סכתה באף ותרדפנו הרגת לא חמלת", 
            "סכותה בענן לך מעבור תפלה", 
            "סחי ומאוס תשימנו בקרב העמים", 
            "פצו עלינו פיהם כל־איבינו", 
            "פחד ופחת היה לנו השאת והשבר", 
            "פלגי־מים תרד עיני על־שבר בת־עמי", 
            "עיני נגרה ולא תדמה מאין הפגות", 
            "עד־ישקיף וירא יהוה משמים", 
            "עיני עוללה לנפשי מכל בנות עירי", 
            "צוד צדוני כצפור איבי חנם", 
            "צמתו בבור חיי וידו־אבן בי", 
            "צפו־מים על־ראשי אמרתי נגזרתי", 
            "קראתי שמך יהוה מבור תחתיות", 
            "קולי שמעת אל־תעלם אזנך לרוחתי לשועתי", 
            "קרבת ביום אקראך אמרת אל־תירא", 
            "רבת אדני ריבי נפשי גאלת חיי", 
            "ראיתה יהוה עותתי שפטה משפטי", 
            "ראיתה כל־נקמתם כל־מחשבתם לי", 
            "שמעת חרפתם יהוה כל־מחשבתם עלי", 
            "שפתי קמי והגיונם עלי כל־היום", 
            "שבתם וקימתם הביטה אני מנגינתם", 
            "תשיב להם גמול יהוה כמעשה ידיהם", 
            "תתן להם מגנת־לב תאלתך להם", 
            "תרדף באף ותשמידם מתחת שמי יהוה"
        ], 
        [
            "איכה יועם זהב ישנא הכתם הטוב תשתפכנה אבני־קדש בראש כל־חוצות", 
            "בני ציון היקרים המסלאים בפז איכה נחשבו לנבלי־חרש מעשה ידי יוצר", 
            "גם־תנין [תנים] חלצו שד היניקו גוריהן בת־עמי לאכזר כי ענים [כיענים] במדבר", 
            "דבק לשון יונק אל־חכו בצמא עוללים שאלו לחם פרש אין להם", 
            "האכלים למעדנים נשמו בחוצות האמנים עלי תולע חבקו אשפתות", 
            "ויגדל עון בת־עמי מחטאת סדם ההפוכה כמו־רגע ולא־חלו בה ידים", 
            "זכו נזיריה משלג צחו מחלב אדמו עצם מפנינים ספיר גזרתם", 
            "חשך משחור תארם לא נכרו בחוצות צפד עורם על־עצמם יבש היה כעץ", 
            "טובים היו חללי־חרב מחללי רעב שהם יזובו מדקרים מתנובת שדי", 
            "ידי נשים רחמניות בשלו ילדיהן היו לברות למו בשבר בת־עמי", 
            "כלה יהוה את־חמתו שפך חרון אפו ויצת־אש בציון ותאכל יסודתיה", 
            "לא האמינו מלכי־ארץ וכל [כל] ישבי תבל כי יבא צר ואויב בשערי ירושלם", 
            "מחטאת נביאיה עונות כהניה השפכים בקרבה דם צדיקים", 
            "נעו עורים בחוצות נגאלו בדם בלא יוכלו יגעו בלבשיהם", 
            "סורו טמא קראו למו סורו סורו אל־תגעו כי נצו גם־נעו אמרו בגוים לא יוסיפו לגור", 
            "פני יהוה חלקם לא יוסיף להביטם פני כהנים לא נשאו זקנים [וזקנים] לא חננו", 
            "עודינה [עודינו] תכלינה עינינו אל־עזרתנו הבל בצפיתנו צפינו אל־גוי לא יושע", 
            "צדו צעדינו מלכת ברחבתינו קרב קצינו מלאו ימינו כי־בא קצינו", 
            "קלים היו רדפינו מנשרי שמים על־ההרים דלקנו במדבר ארבו לנו", 
            "רוח אפינו משיח יהוה נלכד בשחיתותם אשר אמרנו בצלו נחיה בגוים", 
            "שישי ושמחי בת־אדום יושבתי [יושבת] בארץ עוץ גם־עליך תעבר־כוס תשכרי ותתערי", 
            "תם־עונך בת־ציון לא יוסיף להגלותך פקד עונך בת־אדום גלה על־חטאתיך"
        ], 
        [
            "זכר יהוה מה־היה לנו הביט [הביטה] וראה את־חרפתנו", 
            "נחלתנו נהפכה לזרים בתינו לנכרים", 
            "יתומים היינו אין [ואין] אב אמתינו כאלמנות", 
            "מימינו בכסף שתינו עצינו במחיר יבאו", 
            "על צוארנו נרדפנו יגענו לא [ולא] הונח לנו", 
            "מצרים נתנו יד אשור לשבע לחם", 
            "אבתינו חטאו אינם [ואינם] אנחנו [ואנחנו] עונתיהם סבלנו", 
            "עבדים משלו בנו פרק אין מידם", 
            "בנפשנו נביא לחמנו מפני חרב המדבר", 
            "עורנו כתנור נכמרו מפני זלעפות רעב", 
            "נשים בציון ענו בתלת בערי יהודה", 
            "שרים בידם נתלו פני זקנים לא נהדרו", 
            "בחורים טחון נשאו ונערים בעץ כשלו", 
            "זקנים משער שבתו בחורים מנגינתם", 
            "שבת משוש לבנו נהפך לאבל מחלנו", 
            "נפלה עטרת ראשנו אוי־נא לנו כי חטאנו", 
            "על־זה היה דוה לבנו על־אלה חשכו עינינו", 
            "על הר־ציון ששמם שועלים הלכו־בו", 
            "אתה יהוה לעולם תשב כסאך לדר ודור", 
            "למה לנצח תשכחנו תעזבנו לארך ימים", 
            "השיבנו יהוה אליך ונשוב [ונשובה] חדש ימינו כקדם", 
            "כי אם־מאס מאסתנו קצפת עלינו עד־מאד<br><small>[השיבנו יהוה אליך ונשובה חדש ימינו כקדם]</small>"
        ]
    ], 
    "versionSource": "http://www.tanach.us/Tanach.xml", 
    "heTitle": "איכה", 
    "categories": [
        "Tanakh", 
        "Writings"
    ]
}