{
    "status": "locked", 
    "versionTitle": "Tanach with Text Only", 
    "sectionNames": [
        "Chapter", 
        "Verse"
    ], 
    "license": "Public Domain", 
    "language": "he", 
    "title": "Ecclesiastes", 
    "licenseVetted": true, 
    "text": [
        [
            "דברי קהלת בן־דוד מלך בירושלם", 
            "הבל הבלים אמר קהלת הבל הבלים הכל הבל", 
            "מה־יתרון לאדם בכל־עמלו שיעמל תחת השמש", 
            "דור הלך ודור בא והארץ לעולם עמדת", 
            "וזרח השמש ובא השמש ואל־מקומו שואף זורח הוא שם", 
            "הולך אל־דרום וסובב אל־צפון סובב סבב הולך הרוח ועל־סביבתיו שב הרוח", 
            "כל־הנחלים הלכים אל־הים והים איננו מלא אל־מקום שהנחלים הלכים שם הם שבים ללכת", 
            "כל־הדברים יגעים לא־יוכל איש לדבר לא־תשבע עין לראות ולא־תמלא אזן משמע", 
            "מה־שהיה הוא שיהיה ומה־שנעשה הוא שיעשה ואין כל־חדש תחת השמש", 
            "יש דבר שיאמר ראה־זה חדש הוא כבר היה לעלמים אשר היה מלפננו", 
            "אין זכרון לראשנים וגם לאחרנים שיהיו לא־יהיה להם זכרון עם שיהיו לאחרנה", 
            "אני קהלת הייתי מלך על־ישראל בירושלם", 
            "ונתתי את־לבי לדרוש ולתור בחכמה על כל־אשר נעשה תחת השמים הוא ענין רע נתן אלהים לבני האדם לענות בו", 
            "ראיתי את־כל־המעשים שנעשו תחת השמש והנה הכל הבל ורעות רוח", 
            "מעות לא־יוכל לתקן וחסרון לא־יוכל להמנות", 
            "דברתי אני עם־לבי לאמר אני הנה הגדלתי והוספתי חכמה על כל־אשר־היה לפני על־ירושלם ולבי ראה הרבה חכמה ודעת", 
            "ואתנה לבי לדעת חכמה ודעת הוללות ושכלות ידעתי שגם־זה הוא רעיון רוח", 
            "כי ברב חכמה רב־כעס ויוסיף דעת יוסיף מכאוב"
        ], 
        [
            "אמרתי אני בלבי לכה־נא אנסכה בשמחה וראה בטוב והנה גם־הוא הבל", 
            "לשחוק אמרתי מהולל ולשמחה מה־זה עשה", 
            "תרתי בלבי למשוך ביין את־בשרי ולבי נהג בחכמה ולאחז בסכלות עד אשר־אראה אי־זה טוב לבני האדם אשר יעשו תחת השמים מספר ימי חייהם", 
            "הגדלתי מעשי בניתי לי בתים נטעתי לי כרמים", 
            "עשיתי לי גנות ופרדסים ונטעתי בהם עץ כל־פרי", 
            "עשיתי לי ברכות מים להשקות מהם יער צומח עצים", 
            "קניתי עבדים ושפחות ובני־בית היה לי גם מקנה בקר וצאן הרבה היה לי מכל שהיו לפני בירושלם", 
            "כנסתי לי גם־כסף וזהב וסגלת מלכים והמדינות עשיתי לי שרים ושרות ותענוגת בני האדם שדה ושדות", 
            "וגדלתי והוספתי מכל שהיה לפני בירושלם אף חכמתי עמדה לי", 
            "וכל אשר שאלו עיני לא אצלתי מהם לא־מנעתי את־לבי מכל־שמחה כי־לבי שמח מכל־עמלי וזה־היה חלקי מכל־עמלי", 
            "ופניתי אני בכל־מעשי שעשו ידי ובעמל שעמלתי לעשות והנה הכל הבל ורעות רוח ואין יתרון תחת השמש", 
            "ופניתי אני לראות חכמה והוללות וסכלות כי מה האדם שיבוא אחרי המלך את אשר־כבר עשוהו", 
            "וראיתי אני שיש יתרון לחכמה מן־הסכלות כיתרון האור מן־החשך", 
            "החכם עיניו בראשו והכסיל בחשך הולך וידעתי גם־אני שמקרה אחד יקרה את־כלם", 
            "ואמרתי אני בלבי כמקרה הכסיל גם־אני יקרני ולמה חכמתי אני אז יותר ודברתי בלבי שגם־זה הבל", 
            "כי אין זכרון לחכם עם־הכסיל לעולם בשכבר הימים הבאים הכל נשכח ואיך ימות החכם עם־הכסיל", 
            "ושנאתי את־החיים כי רע עלי המעשה שנעשה תחת השמש כי־הכל הבל ורעות רוח", 
            "ושנאתי אני את־כל־עמלי שאני עמל תחת השמש שאניחנו לאדם שיהיה אחרי", 
            "ומי יודע החכם יהיה או סכל וישלט בכל־עמלי שעמלתי ושחכמתי תחת השמש גם־זה הבל", 
            "וסבותי אני ליאש את־לבי על כל־העמל שעמלתי תחת השמש", 
            "כי־יש אדם שעמלו בחכמה ובדעת ובכשרון ולאדם שלא עמל־בו יתננו חלקו גם־זה הבל ורעה רבה", 
            "כי מה־הוה לאדם בכל־עמלו וברעיון לבו שהוא עמל תחת השמש", 
            "כי כל־ימיו מכאבים וכעס ענינו גם־בלילה לא־שכב לבו גם־זה הבל הוא", 
            "אין־טוב באדם שיאכל ושתה והראה את־נפשו טוב בעמלו גם־זה ראיתי אני כי מיד האלהים היא", 
            "כי מי יאכל ומי יחוש חוץ ממני", 
            "כי לאדם שטוב לפניו נתן חכמה ודעת ושמחה ולחוטא נתן ענין לאסוף ולכנוס לתת לטוב לפני האלהים גם־זה הבל ורעות רוח"
        ], 
        [
            "לכל זמן ועת לכל־חפץ תחת השמים", 
            "עת ללדת ועת למות עת לטעת ועת לעקור נטוע", 
            "עת להרוג ועת לרפוא עת לפרוץ ועת לבנות", 
            "עת לבכות ועת לשחוק עת ספוד ועת רקוד", 
            "עת להשליך אבנים ועת כנוס אבנים עת לחבוק ועת לרחק מחבק", 
            "עת לבקש ועת לאבד עת לשמור ועת להשליך", 
            "עת לקרוע ועת לתפור עת לחשות ועת לדבר", 
            "עת לאהב ועת לשנא עת מלחמה ועת שלום", 
            "מה־יתרון העושה באשר הוא עמל", 
            "ראיתי את־הענין אשר נתן אלהים לבני האדם לענות בו", 
            "את־הכל עשה יפה בעתו גם את־העלם נתן בלבם מבלי אשר לא־ימצא האדם את־המעשה אשר־עשה האלהים מראש ועד־סוף", 
            "ידעתי כי אין טוב בם כי אם־לשמוח ולעשות טוב בחייו", 
            "וגם כל־האדם שיאכל ושתה וראה טוב בכל־עמלו מתת אלהים היא", 
            "ידעתי כי כל־אשר יעשה האלהים הוא יהיה לעולם עליו אין להוסיף וממנו אין לגרע והאלהים עשה שיראו מלפניו", 
            "מה־שהיה כבר הוא ואשר להיות כבר היה והאלהים יבקש את־נרדף", 
            "ועוד ראיתי תחת השמש מקום המשפט שמה הרשע ומקום הצדק שמה הרשע", 
            "אמרתי אני בלבי את־הצדיק ואת־הרשע ישפט האלהים כי־עת לכל־חפץ ועל כל־המעשה שם", 
            "אמרתי אני בלבי על־דברת בני האדם לברם האלהים ולראות שהם־בהמה המה להם", 
            "כי מקרה בני־האדם ומקרה הבהמה ומקרה אחד להם כמות זה כן מות זה ורוח אחד לכל ומותר האדם מן־הבהמה אין כי הכל הבל", 
            "הכל הולך אל־מקום אחד הכל היה מן־העפר והכל שב אל־העפר", 
            "מי יודע רוח בני האדם העלה היא למעלה ורוח הבהמה הירדת היא למטה לארץ", 
            "וראיתי כי אין טוב מאשר ישמח האדם במעשיו כי־הוא חלקו כי מי יביאנו לראות במה שיהיה אחריו"
        ], 
        [
            "ושבתי אני ואראה את־כל־העשקים אשר נעשים תחת השמש והנה דמעת העשקים ואין להם מנחם ומיד עשקיהם כח ואין להם מנחם", 
            "ושבח אני את־המתים שכבר מתו מן־החיים אשר המה חיים עדנה", 
            "וטוב משניהם את אשר־עדן לא היה אשר לא־ראה את־המעשה הרע אשר נעשה תחת השמש", 
            "וראיתי אני את־כל־עמל ואת כל־כשרון המעשה כי היא קנאת־איש מרעהו גם־זה הבל ורעות רוח", 
            "הכסיל חבק את־ידיו ואכל את־בשרו", 
            "טוב מלא כף נחת ממלא חפנים עמל ורעות רוח", 
            "ושבתי אני ואראה הבל תחת השמש", 
            "יש אחד ואין שני גם בן ואח אין־לו ואין קץ לכל־עמלו גם־עיניו [עינו] לא־תשבע עשר ולמי אני עמל ומחסר את־נפשי מטובה גם־זה הבל וענין רע הוא", 
            "טובים השנים מן־האחד אשר יש־להם שכר טוב בעמלם", 
            "כי אם־יפלו האחד יקים את־חברו ואילו האחד שיפול ואין שני להקימו", 
            "גם אם־ישכבו שנים וחם להם ולאחד איך יחם", 
            "ואם־יתקפו האחד השנים יעמדו נגדו והחוט המשלש לא במהרה ינתק", 
            "טוב ילד מסכן וחכם ממלך זקן וכסיל אשר לא־ידע להזהר עוד", 
            "כי־מבית הסורים יצא למלך כי גם במלכותו נולד רש", 
            "ראיתי את־כל־החיים המהלכים תחת השמש עם הילד השני אשר יעמד תחתיו", 
            "אין־קץ לכל־העם לכל אשר־היה לפניהם גם האחרונים לא ישמחו־בו כי־גם־זה הבל ורעיון רוח", 
            "שמר רגליך [רגלך] כאשר תלך אל־בית האלהים וקרוב לשמע מתת הכסילים זבח כי־אינם יודעים לעשות רע"
        ], 
        [
            "אל־תבהל על־פיך ולבך אל־ימהר להוציא דבר לפני האלהים כי האלהים בשמים ואתה על־הארץ על־כן יהיו דבריך מעטים", 
            "כי בא החלום ברב ענין וקול כסיל ברב דברים", 
            "כאשר תדר נדר לאלהים אל־תאחר לשלמו כי אין חפץ בכסילים את אשר־תדר שלם", 
            "טוב אשר לא־תדר משתדור ולא תשלם", 
            "אל־תתן את־פיך לחטיא את־בשרך ואל־תאמר לפני המלאך כי שגגה היא למה יקצף האלהים על־קולך וחבל את־מעשה ידיך", 
            "כי ברב חלמות והבלים ודברים הרבה כי את־האלהים ירא", 
            "אם־עשק רש וגזל משפט וצדק תראה במדינה אל־תתמה על־החפץ כי גבה מעל גבה שמר וגבהים עליהם", 
            "ויתרון ארץ בכל היא [הוא] מלך לשדה נעבד", 
            "אהב כסף לא־ישבע כסף ומי־אהב בהמון לא תבואה גם־זה הבל", 
            "ברבות הטובה רבו אוכליה ומה־כשרון לבעליה כי אם־ראית [ראות] עיניו", 
            "מתוקה שנת העבד אם־מעט ואם־הרבה יאכל והשבע לעשיר איננו מניח לו לישון", 
            "יש רעה חולה ראיתי תחת השמש עשר שמור לבעליו לרעתו", 
            "ואבד העשר ההוא בענין רע והוליד בן ואין בידו מאומה", 
            "כאשר יצא מבטן אמו ערום ישוב ללכת כשבא ומאומה לא־ישא בעמלו שילך בידו", 
            "וגם־זה רעה חולה כל־עמת שבא כן ילך ומה־יתרון לו שיעמל לרוח", 
            "גם כל־ימיו בחשך יאכל וכעס הרבה וחליו וקצף", 
            "הנה אשר־ראיתי אני טוב אשר־יפה לאכול־ולשתות ולראות טובה בכל־עמלו שיעמל תחת־השמש מספר ימי־חיו [חייו] אשר־נתן־לו האלהים כי־הוא חלקו", 
            "גם כל־האדם אשר נתן־לו האלהים עשר ונכסים והשליטו לאכל ממנו ולשאת את־חלקו ולשמח בעמלו זה מתת אלהים היא", 
            "כי לא הרבה יזכר את־ימי חייו כי האלהים מענה בשמחת לבו"
        ], 
        [
            "יש רעה אשר ראיתי תחת השמש ורבה היא על־האדם", 
            "איש אשר יתן־לו האלהים עשר ונכסים וכבוד ואיננו חסר לנפשו מכל אשר־יתאוה ולא־ישליטנו האלהים לאכל ממנו כי איש נכרי יאכלנו זה הבל וחלי רע הוא", 
            "אם־יוליד איש מאה ושנים רבות יחיה ורב שיהיו ימי־שניו ונפשו לא־תשבע מן־הטובה וגם־קבורה לא־היתה לו אמרתי טוב ממנו הנפל", 
            "כי־בהבל בא ובחשך ילך ובחשך שמו יכסה", 
            "גם־שמש לא־ראה ולא ידע נחת לזה מזה", 
            "ואלו חיה אלף שנים פעמים וטובה לא ראה הלא אל־מקום אחד הכל הולך", 
            "כל־עמל האדם לפיהו וגם־הנפש לא תמלא", 
            "כי מה־יותר לחכם מן־הכסיל מה־לעני יודע להלך נגד החיים", 
            "טוב מראה עינים מהלך־נפש גם־זה הבל ורעות רוח", 
            "מה־שהיה כבר נקרא שמו ונודע אשר־הוא אדם ולא־יוכל לדין עם שהתקיף [שתקיף] ממנו", 
            "כי יש־דברים הרבה מרבים הבל מה־יתר לאדם", 
            "כי מי־יודע מה־טוב לאדם בחיים מספר ימי־חיי הבלו ויעשם כצל אשר מי־יגיד לאדם מה־יהיה אחריו תחת השמש"
        ], 
        [
            "טוב שם משמן טוב ויום המות מיום הולדו", 
            "טוב ללכת אל־בית־אבל מלכת אל־בית משתה באשר הוא סוף כל־האדם והחי יתן אל־לבו", 
            "טוב כעס משחק כי־ברע פנים ייטב לב", 
            "לב חכמים בבית אבל ולב כסילים בבית שמחה", 
            "טוב לשמע גערת חכם מאיש שמע שיר כסילים", 
            "כי כקול הסירים תחת הסיר כן שחק הכסיל וגם־זה הבל", 
            "כי העשק יהולל חכם ויאבד את־לב מתנה", 
            "טוב אחרית דבר מראשיתו טוב ארך־רוח מגבה־רוח", 
            "אל־תבהל ברוחך לכעוס כי כעס בחיק כסילים ינוח", 
            "אל־תאמר מה היה שהימים הראשנים היו טובים מאלה כי לא מחכמה שאלת על־זה", 
            "טובה חכמה עם־נחלה ויתר לראי השמש", 
            "כי בצל החכמה בצל הכסף ויתרון דעת החכמה תחיה בעליה", 
            "ראה את־מעשה האלהים כי מי יוכל לתקן את אשר עותו", 
            "ביום טובה היה בטוב וביום רעה ראה גם את־זה לעמת־זה עשה האלהים על־דברת שלא ימצא האדם אחריו מאומה", 
            "את־הכל ראיתי בימי הבלי יש צדיק אבד בצדקו ויש רשע מאריך ברעתו", 
            "אל־תהי צדיק הרבה ואל־תתחכם יותר למה תשומם", 
            "אל־תרשע הרבה ואל־תהי סכל למה תמות בלא עתך", 
            "טוב אשר תאחז בזה וגם־מזה אל־תנח את־ידך כי־ירא אלהים יצא את־כלם", 
            "החכמה תעז לחכם מעשרה שליטים אשר היו בעיר", 
            "כי אדם אין צדיק בארץ אשר יעשה־טוב ולא יחטא", 
            "גם לכל־הדברים אשר ידברו אל־תתן לבך אשר לא־תשמע את־עבדך מקללך", 
            "כי גם־פעמים רבות ידע לבך אשר גם־את [אתה] קללת אחרים", 
            "כל־זה נסיתי בחכמה אמרתי אחכמה והיא רחוקה ממני", 
            "רחוק מה־שהיה ועמק עמק מי ימצאנו", 
            "סבותי אני ולבי לדעת ולתור ובקש חכמה וחשבון ולדעת רשע כסל והסכלות הוללות", 
            "ומוצא אני מר ממות את־האשה אשר־היא מצודים וחרמים לבה אסורים ידיה טוב לפני האלהים ימלט ממנה וחוטא ילכד בה", 
            "ראה זה מצאתי אמרה קהלת אחת לאחת למצא חשבון", 
            "אשר עוד־בקשה נפשי ולא מצאתי אדם אחד מאלף מצאתי ואשה בכל־אלה לא מצאתי", 
            "לבד ראה־זה מצאתי אשר עשה האלהים את־האדם ישר והמה בקשו חשבנות רבים"
        ], 
        [
            "מי כהחכם ומי יודע פשר דבר חכמת אדם תאיר פניו ועז פניו ישנא", 
            "אני פי־מלך שמור ועל דברת שבועת אלהים", 
            "אל־תבהל מפניו תלך אל־תעמד בדבר רע כי כל־אשר יחפץ יעשה", 
            "באשר דבר־מלך שלטון ומי יאמר־לו מה־תעשה", 
            "שומר מצוה לא ידע דבר רע ועת ומשפט ידע לב חכם", 
            "כי לכל־חפץ יש עת ומשפט כי־רעת האדם רבה עליו", 
            "כי־איננו ידע מה־שיהיה כי כאשר יהיה מי יגיד לו", 
            "אין אדם שליט ברוח לכלוא את־הרוח ואין שלטון ביום המות ואין משלחת במלחמה ולא־ימלט רשע את־בעליו", 
            "את־כל־זה ראיתי ונתון את־לבי לכל־מעשה אשר נעשה תחת השמש עת אשר שלט האדם באדם לרע לו", 
            "ובכן ראיתי רשעים קברים ובאו וממקום קדוש יהלכו וישתכחו בעיר אשר כן־עשו גם־זה הבל", 
            "אשר אין־נעשה פתגם מעשה הרעה מהרה על־כן מלא לב בני־האדם בהם לעשות רע", 
            "אשר חטא עשה רע מאת ומאריך לו כי גם־יודע אני אשר יהיה־טוב ליראי האלהים אשר ייראו מלפניו", 
            "וטוב לא־יהיה לרשע ולא־יאריך ימים כצל אשר איננו ירא מלפני אלהים", 
            "יש־הבל אשר נעשה על־הארץ אשר יש צדיקים אשר מגיע אלהם כמעשה הרשעים ויש רשעים שמגיע אלהם כמעשה הצדיקים אמרתי שגם־זה הבל", 
            "ושבחתי אני את־השמחה אשר אין־טוב לאדם תחת השמש כי אם־לאכול ולשתות ולשמוח והוא ילונו בעמלו ימי חייו אשר־נתן־לו האלהים תחת השמש", 
            "כאשר נתתי את־לבי לדעת חכמה ולראות את־הענין אשר נעשה על־הארץ כי גם ביום ובלילה שנה בעיניו איננו ראה", 
            "וראיתי את־כל־מעשה האלהים כי לא יוכל האדם למצוא את־המעשה אשר נעשה תחת־השמש בשל אשר יעמל האדם לבקש ולא ימצא וגם אם־יאמר החכם לדעת לא יוכל למצא"
        ], 
        [
            "כי את־כל־זה נתתי אל־לבי ולבור את־כל־זה אשר הצדיקים והחכמים ועבדיהם ביד האלהים גם־אהבה גם־שנאה אין יודע האדם הכל לפניהם", 
            "הכל כאשר לכל מקרה אחד לצדיק ולרשע לטוב ולטהור ולטמא ולזבח ולאשר איננו זבח כטוב כחטא הנשבע כאשר שבועה ירא", 
            "זה רע בכל אשר־נעשה תחת השמש כי־מקרה אחד לכל וגם לב בני־האדם מלא־רע והוללות בלבבם בחייהם ואחריו אל־המתים", 
            "כי־מי אשר יבחר [יחבר] אל כל־החיים יש בטחון כי־לכלב חי הוא טוב מן־האריה המת", 
            "כי החיים יודעים שימתו והמתים אינם יודעים מאומה ואין־עוד להם שכר כי נשכח זכרם", 
            "גם אהבתם גם־שנאתם גם־קנאתם כבר אבדה וחלק אין־להם עוד לעולם בכל אשר־נעשה תחת השמש", 
            "לך אכל בשמחה לחמך ושתה בלב־טוב יינך כי כבר רצה האלהים את־מעשיך", 
            "בכל־עת יהיו בגדיך לבנים ושמן על־ראשך אל־יחסר", 
            "ראה חיים עם־אשה אשר־אהבת כל־ימי חיי הבלך אשר נתן־לך תחת השמש כל ימי הבלך כי הוא חלקך בחיים ובעמלך אשר־אתה עמל תחת השמש", 
            "כל אשר תמצא ידך לעשות בכחך עשה כי אין מעשה וחשבון ודעת וחכמה בשאול אשר אתה הלך שמה", 
            "שבתי וראה תחת־השמש כי לא לקלים המרוץ ולא לגבורים המלחמה וגם לא לחכמים לחם וגם לא לנבנים עשר וגם לא לידעים חן כי־עת ופגע יקרה את־כלם", 
            "כי גם לא־ידע האדם את־עתו כדגים שנאחזים במצודה רעה וכצפרים האחזות בפח כהם יוקשים בני האדם לעת רעה כשתפול עליהם פתאם", 
            "גם־זה ראיתי חכמה תחת השמש וגדולה היא אלי", 
            "עיר קטנה ואנשים בה מעט ובא־אליה מלך גדול וסבב אתה ובנה עליה מצודים גדלים", 
            "ומצא בה איש מסכן חכם ומלט־הוא את־העיר בחכמתו ואדם לא זכר את־האיש המסכן ההוא", 
            "ואמרתי אני טובה חכמה מגבורה וחכמת המסכן בזויה ודבריו אינם נשמעים", 
            "דברי חכמים בנחת נשמעים מזעקת מושל בכסילים", 
            "טובה חכמה מכלי קרב וחוטא אחד יאבד טובה הרבה"
        ], 
        [
            "זבובי מות יבאיש יביע שמן רוקח יקר מחכמה מכבוד סכלות מעט", 
            "לב חכם לימינו ולב כסיל לשמאלו", 
            "וגם־בדרך כשהסכל [כשסכל] הלך לבו חסר ואמר לכל סכל הוא", 
            "אם־רוח המושל תעלה עליך מקומך אל־תנח כי מרפא יניח חטאים גדולים", 
            "יש רעה ראיתי תחת השמש כשגגה שיצא מלפני השליט", 
            "נתן הסכל במרומים רבים ועשירים בשפל ישבו", 
            "ראיתי עבדים על־סוסים ושרים הלכים כעבדים על־הארץ", 
            "חפר גומץ בו יפול ופרץ גדר ישכנו נחש", 
            "מסיע אבנים יעצב בהם בוקע עצים יסכן בם", 
            "אם־קהה הברזל והוא לא־פנים קלקל וחילים יגבר ויתרון הכשיר [הכשר] חכמה", 
            "אם־ישך הנחש בלוא־לחש ואין יתרון לבעל הלשון", 
            "דברי פי־חכם חן ושפתות כסיל תבלענו", 
            "תחלת דברי־פיהו סכלות ואחרית פיהו הוללות רעה", 
            "והסכל ירבה דברים לא־ידע האדם מה־שיהיה ואשר יהיה מאחריו מי יגיד לו", 
            "עמל הכסילים תיגענו אשר לא־ידע ללכת אל־עיר", 
            "אי־לך ארץ שמלכך נער ושריך בבקר יאכלו", 
            "אשריך ארץ שמלכך בן־חורים ושריך בעת יאכלו בגבורה ולא בשתי", 
            "בעצלתים ימך המקרה ובשפלות ידים ידלף הבית", 
            "לשחוק עשים לחם ויין ישמח חיים והכסף יענה את־הכל", 
            "גם במדעך מלך אל־תקלל ובחדרי משכבך אל־תקלל עשיר כי עוף השמים יוליך את־הקול ובעל הכנפים [כנפים] יגיד דבר"
        ], 
        [
            "שלח לחמך על־פני המים כי־ברב הימים תמצאנו", 
            "תן־חלק לשבעה וגם לשמונה כי לא תדע מה־יהיה רעה על־הארץ", 
            "אם־ימלאו העבים גשם על־הארץ יריקו ואם־יפול עץ בדרום ואם בצפון מקום שיפול העץ שם יהוא", 
            "שמר רוח לא יזרע וראה בעבים לא יקצור", 
            "כאשר אינך יודע מה־דרך הרוח כעצמים בבטן המלאה ככה לא תדע את־מעשה האלהים אשר יעשה את־הכל", 
            "בבקר זרע את־זרעך ולערב אל־תנח ידך כי אינך יודע אי זה יכשר הזה או־זה ואם־שניהם כאחד טובים", 
            "ומתוק האור וטוב לעינים לראות את־השמש", 
            "כי אם־שנים הרבה יחיה האדם בכלם ישמח ויזכר את־ימי החשך כי־הרבה יהיו כל־שבא הבל", 
            "שמח בחור בילדותיך ויטיבך לבך בימי בחורותך והלך בדרכי לבך ובמראי עיניך ודע כי על־כל־אלה יביאך האלהים במשפט", 
            "והסר כעס מלבך והעבר רעה מבשרך כי־הילדות והשחרות הבל"
        ], 
        [
            "וזכר את־בוראיך בימי בחורתיך עד אשר לא־יבאו ימי הרעה והגיעו שנים אשר תאמר אין־לי בהם חפץ", 
            "עד אשר לא־תחשך השמש והאור והירח והכוכבים ושבו העבים אחר הגשם", 
            "ביום שיזעו שמרי הבית והתעותו אנשי החיל ובטלו הטחנות כי מעטו וחשכו הראות בארבות", 
            "וסגרו דלתים בשוק בשפל קול הטחנה ויקום לקול הצפור וישחו כל־בנות השיר", 
            "גם מגבה יראו וחתחתים בדרך וינאץ השקד ויסתבל החגב ותפר האביונה כי־הלך האדם אל־בית עולמו וסבבו בשוק הספדים", 
            "עד אשר לא־ירחק [ירתק] חבל הכסף ותרץ גלת הזהב ותשבר כד על־המבוע ונרץ הגלגל אל־הבור", 
            "וישב העפר על־הארץ כשהיה והרוח תשוב אל־האלהים אשר נתנה", 
            "הבל הבלים אמר הקוהלת הכל הבל", 
            "ויתר שהיה קהלת חכם עוד למד־דעת את־העם ואזן וחקר תקן משלים הרבה", 
            "בקש קהלת למצא דברי־חפץ וכתוב ישר דברי אמת", 
            "דברי חכמים כדרבנות וכמשמרות נטועים בעלי אספות נתנו מרעה אחד", 
            "ויתר מהמה בני הזהר עשות ספרים הרבה אין קץ ולהג הרבה יגעת בשר", 
            "סוף דבר הכל נשמע את־האלהים ירא ואת־מצותיו שמור כי־זה כל־האדם", 
            "כי את־כל־מעשה האלהים יבא במשפט על כל־נעלם אם־טוב ואם־רע<br><small>[סוף דבר הכל נשמע את־האלהים ירא ואת־מצותיו שמור כי־זה כל־האדם]</small>"
        ]
    ], 
    "versionSource": "http://www.tanach.us/Tanach.xml", 
    "heTitle": "קהלת", 
    "categories": [
        "Tanakh", 
        "Writings"
    ]
}