{
    "status": "locked", 
    "versionTitle": "Tanach with Text Only", 
    "sectionNames": [
        "Chapter", 
        "Verse"
    ], 
    "license": "Public Domain", 
    "language": "he", 
    "title": "Ezra", 
    "licenseVetted": true, 
    "text": [
        [
            "ובשנת אחת לכורש מלך פרס לכלות דבר־יהוה מפי ירמיה העיר יהוה את־רוח כרש מלך־פרס ויעבר־קול בכל־מלכותו וגם־במכתב לאמר", 
            "כה אמר כרש מלך פרס כל ממלכות הארץ נתן לי יהוה אלהי השמים והוא־פקד עלי לבנות־לו בית בירושלם אשר ביהודה", 
            "מי־בכם מכל־עמו יהי אלהיו עמו ויעל לירושלם אשר ביהודה ויבן את־בית יהוה אלהי ישראל הוא האלהים אשר בירושלם", 
            "וכל־הנשאר מכל־המקמות אשר הוא גר־שם ינשאוהו אנשי מקמו בכסף ובזהב וברכוש ובבהמה עם־הנדבה לבית האלהים אשר בירושלם", 
            "ויקומו ראשי האבות ליהודה ובנימן והכהנים והלוים לכל העיר האלהים את־רוחו לעלות לבנות את־בית יהוה אשר בירושלם", 
            "וכל־סביבתיהם חזקו בידיהם בכלי־כסף בזהב ברכוש ובבהמה ובמגדנות לבד על־כל־התנדב", 
            "והמלך כורש הוציא את־כלי בית־יהוה אשר הוציא נבוכדנצר מירושלם ויתנם בבית אלהיו", 
            "ויוציאם כורש מלך פרס על־יד מתרדת הגזבר ויספרם לששבצר הנשיא ליהודה", 
            "ואלה מספרם אגרטלי זהב שלשים אגרטלי־כסף אלף מחלפים תשעה ועשרים", 
            "כפורי זהב שלשים כפורי כסף משנים ארבע מאות ועשרה כלים אחרים אלף", 
            "כל־כלים לזהב ולכסף חמשת אלפים וארבע מאות הכל העלה ששבצר עם העלות הגולה מבבל לירושלם"
        ], 
        [
            "ואלה בני המדינה העלים משבי הגולה אשר הגלה נבוכדנצור [נבוכדנצר] מלך־בבל לבבל וישובו לירושלם ויהודה איש לעירו", 
            "אשר־באו עם־זרבבל ישוע נחמיה שריה רעליה מרדכי בלשן מספר בגוי רחום בענה מספר אנשי עם ישראל", 
            "בני פרעש אלפים מאה שבעים ושנים", 
            "בני שפטיה שלש מאות שבעים ושנים", 
            "בני ארח שבע מאות חמשה ושבעים", 
            "בני־פחת מואב לבני ישוע יואב אלפים שמנה מאות ושנים עשר", 
            "בני עילם אלף מאתים חמשים וארבעה", 
            "בני זתוא תשע מאות וארבעים וחמשה", 
            "בני זכי שבע מאות וששים", 
            "בני בני שש מאות ארבעים ושנים", 
            "בני בבי שש מאות עשרים ושלשה", 
            "בני עזגד אלף מאתים עשרים ושנים", 
            "בני אדניקם שש מאות ששים וששה", 
            "בני בגוי אלפים חמשים וששה", 
            "בני עדין ארבע מאות חמשים וארבעה", 
            "בני־אטר ליחזקיה תשעים ושמנה", 
            "בני בצי שלש מאות עשרים ושלשה", 
            "בני יורה מאה ושנים עשר", 
            "בני חשם מאתים עשרים ושלשה", 
            "בני גבר תשעים וחמשה", 
            "בני בית־לחם מאה עשרים ושלשה", 
            "אנשי נטפה חמשים וששה", 
            "אנשי ענתות מאה עשרים ושמנה", 
            "בני עזמות ארבעים ושנים", 
            "בני קרית ערים כפירה ובארות שבע מאות וארבעים ושלשה", 
            "בני הרמה וגבע שש מאות עשרים ואחד", 
            "אנשי מכמס מאה עשרים ושנים", 
            "אנשי בית־אל והעי מאתים עשרים ושלשה", 
            "בני נבו חמשים ושנים", 
            "בני מגביש מאה חמשים וששה", 
            "בני עילם אחר אלף מאתים חמשים וארבעה", 
            "בני חרם שלש מאות ועשרים", 
            "בני־לד חדיד ואונו שבע מאות עשרים וחמשה", 
            "בני ירחו שלש מאות ארבעים וחמשה", 
            "בני סנאה שלשת אלפים ושש מאות ושלשים", 
            "הכהנים בני ידעיה לבית ישוע תשע מאות שבעים ושלשה", 
            "בני אמר אלף חמשים ושנים", 
            "בני פשחור אלף מאתים ארבעים ושבעה", 
            "בני חרם אלף ושבעה עשר", 
            "הלוים בני־ישוע וקדמיאל לבני הודויה שבעים וארבעה", 
            "המשררים בני אסף מאה עשרים ושמנה", 
            "בני השערים בני־שלום בני־אטר בני־טלמון בני־עקוב בני חטיטא בני שבי הכל מאה שלשים ותשעה", 
            "הנתינים בני־ציחא בני־חשופא בני טבעות", 
            "בני־קרס בני־סיעהא בני פדון", 
            "בני־לבנה בני־חגבה בני עקוב", 
            "בני־חגב בני־שמלי [שלמי] בני חנן", 
            "בני־גדל בני־גחר בני ראיה", 
            "בני־רצין בני־נקודא בני גזם", 
            "בני־עזא בני־פסח בני בסי", 
            "בני־אסנה בני־מעינים [מעונים] בני נפיסים [נפוסים]", 
            "בני־בקבוק בני־חקופא בני חרחור", 
            "בני־בצלות בני־מחידא בני חרשא", 
            "בני־ברקוס בני־סיסרא בני־תמח", 
            "בני נציח בני חטיפא", 
            "בני עבדי שלמה בני־סטי בני־הספרת בני פרודא", 
            "בני־יעלה בני־דרקון בני גדל", 
            "בני שפטיה בני־חטיל בני פכרת הצביים בני אמי", 
            "כל־הנתינים ובני עבדי שלמה שלש מאות תשעים ושנים", 
            "ואלה העלים מתל מלח תל חרשא כרוב אדן אמר ולא יכלו להגיד בית־אבותם וזרעם אם מישראל הם", 
            "בני־דליה בני־טוביה בני נקודא שש מאות חמשים ושנים", 
            "ומבני הכהנים בני חביה בני הקוץ בני ברזלי אשר לקח מבנות ברזלי הגלעדי אשה ויקרא על־שמם", 
            "אלה בקשו כתבם המתיחשים ולא נמצאו ויגאלו מן־הכהנה", 
            "ויאמר התרשתא להם אשר לא־יאכלו מקדש הקדשים עד עמד כהן לאורים ולתמים", 
            "כל־הקהל כאחד ארבע רבוא אלפים שלש־מאות ששים", 
            "מלבד עבדיהם ואמהתיהם אלה שבעת אלפים שלש מאות שלשים ושבעה ולהם משררים ומשררות מאתים", 
            "סוסיהם שבע מאות שלשים וששה פרדיהם מאתים ארבעים וחמשה", 
            "גמליהם ארבע מאות שלשים וחמשה חמרים ששת אלפים שבע מאות ועשרים", 
            "ומראשי האבות בבואם לבית יהוה אשר בירושלם התנדבו לבית האלהים להעמידו על־מכונו", 
            "ככחם נתנו לאוצר המלאכה זהב דרכמונים שש־רבאות ואלף וכסף מנים חמשת אלפים וכתנת כהנים מאה", 
            "וישבו הכהנים והלוים ומן־העם והמשררים והשוערים והנתינים בעריהם וכל־ישראל בעריהם"
        ], 
        [
            "ויגע החדש השביעי ובני ישראל בערים ויאספו העם כאיש אחד אל־ירושלם", 
            "ויקם ישוע בן־יוצדק ואחיו הכהנים וזרבבל בן־שאלתיאל ואחיו ויבנו את־מזבח אלהי ישראל להעלות עליו עלות ככתוב בתורת משה איש־האלהים", 
            "ויכינו המזבח על־מכונתיו כי באימה עליהם מעמי הארצות ויעל [ויעלו] עליו עלות ליהוה עלות לבקר ולערב", 
            "ויעשו את־חג הסכות ככתוב ועלת יום ביום במספר כמשפט דבר־יום ביומו", 
            "ואחריכן עלת תמיד ולחדשים ולכל־מועדי יהוה המקדשים ולכל מתנדב נדבה ליהוה", 
            "מיום אחד לחדש השביעי החלו להעלות עלות ליהוה והיכל יהוה לא יסד", 
            "ויתנו־כסף לחצבים ולחרשים ומאכל ומשתה ושמן לצדנים ולצרים להביא עצי ארזים מן־הלבנון אל־ים יפוא כרשיון כורש מלך־פרס עליהם", 
            "ובשנה השנית לבואם אל־בית האלהים לירושלם בחדש השני החלו זרבבל בן־שאלתיאל וישוע בן־יוצדק ושאר אחיהם הכהנים והלוים וכל־הבאים מהשבי ירושלם ויעמידו את־הלוים מבן עשרים שנה ומעלה לנצח על־מלאכת בית־יהוה", 
            "ויעמד ישוע בניו ואחיו קדמיאל ובניו בני־יהודה כאחד לנצח על־עשה המלאכה בבית האלהים בני חנדד בניהם ואחיהם הלוים", 
            "ויסדו הבנים את־היכל יהוה ויעמידו הכהנים מלבשים בחצצרות והלוים בני־אסף במצלתים להלל את־יהוה על־ידי דויד מלך־ישראל", 
            "ויענו בהלל ובהודת ליהוה כי טוב כי־לעולם חסדו על־ישראל וכל־העם הריעו תרועה גדולה בהלל ליהוה על הוסד בית־יהוה", 
            "ורבים מהכהנים והלוים וראשי האבות הזקנים אשר ראו את־הבית הראשון ביסדו זה הבית בעיניהם בכים בקול גדול ורבים בתרועה בשמחה להרים קול", 
            "ואין העם מכירים קול תרועת השמחה לקול בכי העם כי העם מריעים תרועה גדולה והקול נשמע עד־למרחוק"
        ], 
        [
            "וישמעו צרי יהודה ובנימן כי־בני הגולה בונים היכל ליהוה אלהי ישראל", 
            "ויגשו אל־זרבבל ואל־ראשי האבות ויאמרו להם נבנה עמכם כי ככם נדרוש לאלהיכם ולא [ולו ] אנחנו זבחים מימי אסר חדן מלך אשור המעלה אתנו פה", 
            "ויאמר להם זרבבל וישוע ושאר ראשי האבות לישראל לא־לכם ולנו לבנות בית לאלהינו כי אנחנו יחד נבנה ליהוה אלהי ישראל כאשר צונו המלך כורש מלך־פרס", 
            "ויהי עם־הארץ מרפים ידי עם־יהודה ומבלהים [ומבהלים] אותם לבנות", 
            "וסכרים עליהם יועצים להפר עצתם כל־ימי כורש מלך פרס ועד־מלכות דריוש מלך־פרס", 
            "ובמלכות אחשורוש בתחלת מלכותו כתבו שטנה על־ישבי יהודה וירושלם", 
            "ובימי ארתחששתא כתב בשלם מתרדת טבאל ושאר כנותו [כנותיו] על־ארתחששתא [ארתחששת] מלך פרס וכתב הנשתון כתוב ארמית ומתרגם ארמית", 
            "רחום בעל־טעם ושמשי ספרא כתבו אגרה חדה על־ירושלם לארתחששתא מלכא כנמא", 
            "אדין רחום בעל־טעם ושמשי ספרא ושאר כנותהון דיניא ואפרסתכיא טרפליא אפרסיא ארכוי [ארכויא] בבליא שושנכיא דהוא [דהיא] עלמיא", 
            "ושאר אמיא די הגלי אסנפר רבא ויקירא והותב המו בקריה די שמרין ושאר עבר־נהרה וכענת", 
            "דנה פרשגן אגרתא די שלחו עלוהי על־ארתחששתא מלכא עבדיך אנש עבר־נהרה וכענת", 
            "ידיע להוא למלכא די יהודיא די סלקו מן־לותך עלינא אתו לירושלם קריתא מרדתא ובאישתא [ובישתא] בנין ושורי [ושוריא] אשכללו [שכלילו] ואשיא יחיטו", 
            "כען ידיע להוא למלכא די הן קריתא דך תתבנא ושוריה ישתכללון מנדה־בלו והלך לא ינתנון ואפתם מלכים תהנזק", 
            "כען כל־קבל די־מלח היכלא מלחנא וערות מלכא לא א‍ריך לנא למחזא על־דנה שלחנא והודענא למלכא", 
            "די יבקר בספר־דכרניא די אבהתך ותהשכח בספר דכרניא ותנדע די קריתא דך קריא מרדא ומהנזקת מלכין ומדנן ואשתדור עבדין בגוה מן־יומת עלמא על־דנה קריתא דך החרבת", 
            "מהודעין אנחנה למלכא די הן קריתא דך תתבנא ושוריה ישתכללון לקבל דנה חלק בעבר נהרא לא איתי לך", 
            "פתגמא שלח מלכא על־רחום בעל־טעם ושמשי ספרא ושאר כנותהון די יתבין בשמרין ושאר עבר־נהרה שלם וכעת", 
            "נשתונא די שלחתון עלינא מפרש קרי קדמי", 
            "ומני שים טעם ובקרו והשכחו די קריתא דך מן־יומת עלמא על־מלכין מתנשאה ומרד ואשתדור מתעבד־בה", 
            "ומלכין תקיפין הוו על־ירושלם ושליטין בכל עבר נהרה ומדה בלו והלך מתיהב להון", 
            "כען שימו טעם לבטלא גבריא אלך וקריתא דך לא תתבנא עד־מני טעמא יתשם", 
            "וזהירין הוו שלו למעבד על־דנה למה ישגא חבלא להנזקת מלכין", 
            "אדין מן־די פרשגן נשתונא די ארתחששתא [ארתחששת] מלכא קרי קדם־רחום ושמשי ספרא וכנותהון אזלו בבהילו לירושלם על־יהודיא ובטלו המו באדרע וחיל", 
            "באדין בטלת עבידת בית־אלהא די בירושלם והות בטלא עד שנת תרתין למלכות דריוש מלך־פרס"
        ], 
        [
            "והתנבי חגי נביאה [נביא] וזכריה בר־עדוא נביאיא [נבייא] על־יהודיא די ביהוד ובירושלם בשם אלה ישראל עליהון", 
            "באדין קמו זרבבל בר־שאלתיאל וישוע בר־יוצדק ושריו למבנא בית אלהא די בירושלם ועמהון נביאיא [נבייא] די־אלהא מסעדין להון", 
            "בה־זמנא אתא עליהון תתני פחת עבר־נהרה ושתר בוזני וכנותהון וכן אמרין להם מן־שם לכם טעם ביתא דנה לבנא ואשרנא דנה לשכללה", 
            "אדין כנמא אמרנא להם מן־אנון שמהת גבריא די־דנה בנינא בנין", 
            "ועין אלההם הות על־שבי יהודיא ולא־בטלו המו עד־טעמא לדריוש יהך ואדין יתיבון נשתונא על־דנה", 
            "פרשגן אגרתא די־שלח תתני פחת עבר־נהרה ושתר בוזני וכנותה אפרסכיא די בעבר נהרה על־דריוש מלכא", 
            "פתגמא שלחו עלוהי וכדנה כתיב בגוה לדריוש מלכא שלמא כלא", 
            "ידיע להוא למלכא די־אזלנא ליהוד מדינתא לבית אלהא רבא והוא מתבנא אבן גלל ואע מתשם בכתליא ועבידתא דך אספרנא מתעבדא ומצלח בידהם", 
            "אדין שאלנא לשביא אלך כנמא אמרנא להם מן־שם לכם טעם ביתא דנה למבניה ואשרנא דנה לשכללה", 
            "ואף שמהתהם שאלנא להם להודעותך די נכתב שם־גבריא די בראשיהם", 
            "וכנמא פתגמא התיבונא לממר אנחנא המו עבדוהי די־אלה שמיא וארעא ובנין ביתא די־הוא בנה מקדמת דנה שנין שגיאן ומלך לישראל רב בנהי ושכללה", 
            "להן מן־די הרגזו אבהתנא לאלה שמיא יהב המו ביד נבוכדנצר מלך־בבל כסדיא [כסדאה] וביתה דנה סתרה ועמה הגלי לבבל", 
            "ברם בשנת חדה לכורש מלכא די בבל כורש מלכא שם טעם בית־אלהא דנה לבנא", 
            "ואף מאניא די־בית־אלהא די דהבה וכספא די נבוכדנצר הנפק מן־היכלא די בירושלם והיבל המו להיכלא די בבל הנפק המו כורש מלכא מן־היכלא די בבל ויהיבו לששבצר שמה די פחה שמה", 
            "ואמר־לה אלה [אל] מאניא שא אזל־אחת המו בהיכלא די בירושלם ובית אלהא יתבנא על־אתרה", 
            "אדין ששבצר דך אתא יהב אשיא די־בית אלהא די בירושלם ומן־אדין ועד־כען מתבנא ולא שלם", 
            "וכען הן על־מלכא טב יתבקר בבית גנזיא די־מלכא תמה די בבבל הן איתי די־מן־כורש מלכא שים טעם למבנא בית־אלהא דך בירושלם ורעות מלכא על־דנה ישלח עלינא"
        ], 
        [
            "באדין דריוש מלכא שם טעם ובקרו בבית ספריא די גנזיא מהחתין תמה בבבל", 
            "והשתכח באחמתא בבירתא די במדי מדינתה מגלה חדה וכן־כתיב בגוה דכרונה", 
            "בשנת חדה לכורש מלכא כורש מלכא שם טעם בית־אלהא בירושלם ביתא יתבנא אתר די־דבחין דבחין ואשוהי מסובלין רומה אמין שתין פתיה אמין שתין", 
            "נדבכין די־אבן גלל תלתא ונדבך די־אע חדת ונפקתא מן־בית מלכא תתיהב", 
            "ואף מאני בית־אלהא די דהבה וכספא די נבוכדנצר הנפק מן־היכלא די־בירושלם והיבל לבבל יהתיבון ויהך להיכלא די־בירושלם לאתרה ותחת בבית אלהא", 
            "כען תתני פחת עבר־נהרה שתר בוזני וכנותהון אפרסכיא די בעבר נהרה רחיקין הוו מן־תמה", 
            "שבקו לעבידת בית־אלהא דך פחת יהודיא ולשבי יהודיא בית־אלהא דך יבנון על־אתרה", 
            "ומני שים טעם למא די־תעבדון עם־שבי יהודיא אלך למבנא בית־אלהא דך ומנכסי מלכא די מדת עבר נהרה אספרנא נפקתא תהוא מתיהבא לגבריא אלך די־לא לבטלא", 
            "ומה חשחן ובני תורין ודכרין ואמרין לעלון לאלה שמיא חנטין מלח חמר ומשח כמאמר כהניא די־בירושלם להוא מתיהב להם יום ביום די־לא שלו", 
            "די־להון מהקרבין ניחוחין לאלה שמיא ומצלין לחיי מלכא ובנוהי", 
            "ומני שים טעם די כל־אנש די יהשנא פתגמא דנה יתנסח אע מן־ביתה וזקיף יתמחא עלהי וביתה נולו יתעבד על־דנה", 
            "ואלהא די שכן שמה תמה ימגר כל־מלך ועם די ישלח ידה להשניה לחבלה בית־אלהא דך די בירושלם אנה דריוש שמת טעם אספרנא יתעבד", 
            "אדין תתני פחת עבר־נהרה שתר בוזני וכנותהון לקבל די־שלח דריוש מלכא כנמא אספרנא עבדו", 
            "ושבי יהודיא בנין ומצלחין בנבואת חגי נביאה [נביא] וזכריה בר־עדוא ובנו ושכללו מן־טעם אלה ישראל ומטעם כורש ודריוש וארתחששתא מלך פרס", 
            "ושיציא ביתה דנה עד יום תלתה לירח אדר די־היא שנת־שת למלכות דריוש מלכא", 
            "ועבדו בני־ישראל כהניא ולויא ושאר בני־גלותא חנכת בית־אלהא דנה בחדוה", 
            "והקרבו לחנכת בית־אלהא דנה תורין מאה דכרין מאתין אמרין ארבע מאה וצפירי עזין לחטיא [לחטאה] על־כל־ישראל תרי־עשר למנין שבטי ישראל", 
            "והקימו כהניא בפלגתהון ולויא במחלקתהון על־עבידת אלהא די בירושלם ככתב ספר משה", 
            "ויעשו בני־הגולה את־הפסח בארבעה עשר לחדש הראשון", 
            "כי הטהרו הכהנים והלוים כאחד כלם טהורים וישחטו הפסח לכל־בני הגולה ולאחיהם הכהנים ולהם", 
            "ויאכלו בני־ישראל השבים מהגולה וכל הנבדל מטמאת גוי־הארץ אלהם לדרש ליהוה אלהי ישראל", 
            "ויעשו חג־מצות שבעת ימים בשמחה כי שמחם יהוה והסב לב מלך־אשור עליהם לחזק ידיהם במלאכת בית־האלהים אלהי ישראל"
        ], 
        [
            "ואחר הדברים האלה במלכות ארתחשסתא מלך־פרס עזרא בן־שריה בן־עזריה בן־חלקיה", 
            "בן־שלום בן־צדוק בן־אחיטוב", 
            "בן־אמריה בן־עזריה בן־מריות", 
            "בן־זרחיה בן־עזי בן־בקי", 
            "בן־אבישוע בן־פינחס בן־אלעזר בן־אהרן הכהן הראש", 
            "הוא עזרא עלה מבבל והוא־ספר מהיר בתורת משה אשר־נתן יהוה אלהי ישראל ויתן־לו המלך כיד־יהוה אלהיו עליו כל בקשתו", 
            "ויעלו מבני־ישראל ומן־הכהנים והלוים והמשררים והשערים והנתינים אל־ירושלם בשנת־שבע לארתחשסתא המלך", 
            "ויבא ירושלם בחדש החמישי היא שנת השביעית למלך", 
            "כי באחד לחדש הראשון הוא יסד המעלה מבבל ובאחד לחדש החמישי בא אל־ירושלם כיד־אלהיו הטובה עליו", 
            "כי עזרא הכין לבבו לדרוש את־תורת יהוה ולעשת וללמד בישראל חק ומשפט", 
            "וזה פרשגן הנשתון אשר נתן המלך ארתחשסתא לעזרא הכהן הספר ספר דברי מצות־יהוה וחקיו על־ישראל", 
            "ארתחשסתא מלך מלכיא לעזרא כהנא ספר דתא די־אלה שמיא גמיר וכענת", 
            "מני שים טעם די כל־מתנדב במלכותי מן־עמה ישראל וכהנוהי ולויא למהך לירושלם עמך יהך", 
            "כל־קבל די מן־קדם מלכא ושבעת יעטהי שליח לבקרא על־יהוד ולירושלם בדת אלהך די בידך", 
            "ולהיבלה כסף ודהב די־מלכא ויעטוהי התנדבו לאלה ישראל די בירושלם משכנה", 
            "וכל כסף ודהב די תהשכח בכל מדינת בבל עם התנדבות עמא וכהניא מתנדבין לבית אלההם די בירושלם", 
            "כל־קבל דנה אספרנא תקנא בכספא דנה תורין דכרין אמרין ומנחתהון ונסכיהון ותקרב המו על־מדבחה די בית אלהכם די בירושלם", 
            "ומה די עליך [עלך] ועל־אחיך [אחך] ייטב בשאר כספא ודהבה למעבד כרעות אלהכם תעבדון", 
            "ומאניא די־מתיהבין לך לפלחן בית אלהך השלם קדם אלה ירושלם", 
            "ושאר חשחות בית אלהך די יפל־לך למנתן תנתן מן־בית גנזי מלכא", 
            "ומני אנה ארתחשסתא מלכא שים טעם לכל גזבריא די בעבר נהרה די כל־די ישאלנכון עזרא כהנה ספר דתא די־אלה שמיא אספרנא יתעבד", 
            "עד־כסף ככרין מאה ועד־חנטין כרין מאה ועד־חמר בתין מאה ועד־בתין משח מאה ומלח די־לא כתב", 
            "כל־די מן־טעם אלה שמיא יתעבד אדרזדא לבית אלה שמיא די־למה להוא קצף על־מלכות מלכא ובנוהי", 
            "ולכם מהודעין די כל־כהניא ולויא זמריא תרעיא נתיניא ופלחי בית אלהא דנה מנדה בלו והלך לא שליט למרמא עליהם", 
            "ואנת עזרא כחכמת אלהך די־בידך מני שפטין ודינין די־להון דאנין [דאינין] לכל־עמה די בעבר נהרה לכל־ידעי דתי אלהך ודי לא ידע תהודעון", 
            "וכל־די־לא להוא עבד דתא די־אלהך ודתא די מלכא אספרנא דינה להוא מתעבד מנה הן למות הן לשרשו [לשרשי] הן־לענש נכסין ולאסורין", 
            "ברוך יהוה אלהי אבותינו אשר נתן כזאת בלב המלך לפאר את־בית יהוה אשר בירושלם", 
            "ועלי הטה־חסד לפני המלך ויועציו ולכל־שרי המלך הגברים ואני התחזקתי כיד־יהוה אלהי עלי ואקבצה מישראל ראשים לעלות עמי"
        ], 
        [
            "ואלה ראשי אבתיהם והתיחשם העלים עמי במלכות ארתחשסתא המלך מבבל", 
            "מבני פינחס גרשם מבני איתמר דניאל מבני דויד חטוש", 
            "מבני שכניה מבני פרעש זכריה ועמו התיחש לזכרים מאה וחמשים", 
            "מבני פחת מואב אליהועיני בן־זרחיה ועמו מאתים הזכרים", 
            "מבני שכניה בן־יחזיאל ועמו שלש מאות הזכרים", 
            "ומבני עדין עבד בן־יונתן ועמו חמשים הזכרים", 
            "ומבני עילם ישעיה בן־עתליה ועמו שבעים הזכרים", 
            "ומבני שפטיה זבדיה בן־מיכאל ועמו שמנים הזכרים", 
            "מבני יואב עבדיה בן־יחיאל ועמו מאתים ושמנה עשר הזכרים", 
            "ומבני שלומית בן־יוספיה ועמו מאה וששים הזכרים", 
            "ומבני בבי זכריה בן־בבי ועמו עשרים ושמנה הזכרים", 
            "ומבני עזגד יוחנן בן־הקטן ועמו מאה ועשרה הזכרים", 
            "ומבני אדניקם אחרנים ואלה שמותם אליפלט יעיאל ושמעיה ועמהם ששים הזכרים", 
            "ומבני בגוי עותי וזבוד [וזכור] ועמו שבעים הזכרים", 
            "ואקבצם אל־הנהר הבא אל־אהוא ונחנה שם ימים שלשה ואבינה בעם ובכהנים ומבני לוי לא־מצאתי שם", 
            "ואשלחה לאליעזר לאריאל לשמעיה ולאלנתן וליריב ולאלנתן ולנתן ולזכריה ולמשלם ראשים וליויריב ולאלנתן מבינים", 
            "ואוצאה [ואצוה] אותם על־אדו הראש בכספיא המקום ואשימה בפיהם דברים לדבר אל־אדו אחיו הנתונים [הנתינים] בכספיא המקום להביא־לנו משרתים לבית אלהינו", 
            "ויביאו לנו כיד־אלהינו הטובה עלינו איש שכל מבני מחלי בן־לוי בן־ישראל ושרביה ובניו ואחיו שמנה עשר", 
            "ואת־חשביה ואתו ישעיה מבני מררי אחיו ובניהם עשרים", 
            "ומן־הנתינים שנתן דויד והשרים לעבדת הלוים נתינים מאתים ועשרים כלם נקבו בשמות", 
            "ואקרא שם צום על־הנהר אהוא להתענות לפני אלהינו לבקש ממנו דרך ישרה לנו ולטפנו ולכל־רכושנו", 
            "כי בשתי לשאול מן־המלך חיל ופרשים לעזרנו מאויב בדרך כי־אמרנו למלך לאמר יד־אלהינו על־כל־מבקשיו לטובה ועזו ואפו על כל־עזביו", 
            "ונצומה ונבקשה מאלהינו על־זאת ויעתר לנו", 
            "ואבדילה משרי הכהנים שנים עשר לשרביה חשביה ועמהם מאחיהם עשרה", 
            "ואשקולה [ואשקלה] להם את־הכסף ואת־הזהב ואת־הכלים תרומת בית־אלהינו ההרימו המלך ויעציו ושריו וכל־ישראל הנמצאים", 
            "ואשקלה על־ידם כסף ככרים שש־מאות וחמשים וכלי־כסף מאה לככרים זהב מאה ככר", 
            "וכפרי זהב עשרים לאדרכנים אלף וכלי נחשת מצהב טובה שנים חמודת כזהב", 
            "ואמרה אלהם אתם קדש ליהוה והכלים קדש והכסף והזהב נדבה ליהוה אלהי אבתיכם", 
            "שקדו ושמרו עד־תשקלו לפני שרי הכהנים והלוים ושרי־האבות לישראל בירושלם הלשכות בית יהוה", 
            "וקבלו הכהנים והלוים משקל הכסף והזהב והכלים להביא לירושלם לבית אלהינו", 
            "ונסעה מנהר אהוא בשנים עשר לחדש הראשון ללכת ירושלם ויד־אלהינו היתה עלינו ויצילנו מכף אויב ואורב על־הדרך", 
            "ונבוא ירושלם ונשב שם ימים שלשה", 
            "וביום הרביעי נשקל הכסף והזהב והכלים בבית אלהינו על יד־מרמות בן־אוריה הכהן ועמו אלעזר בן־פינחס ועמהם יוזבד בן־ישוע ונועדיה בן־בנוי הלוים", 
            "במספר במשקל לכל ויכתב כל־המשקל בעת ההיא", 
            "הבאים מהשבי בני־הגולה הקריבו עלות לאלהי ישראל פרים שנים־עשר על־כל־ישראל אילים תשעים וששה כבשים שבעים ושבעה צפירי חטאת שנים עשר הכל עולה ליהוה", 
            "ויתנו את־דתי המלך לאחשדרפני המלך ופחוות עבר הנהר ונשאו את־העם ואת־בית־האלהים"
        ], 
        [
            "וככלות אלה נגשו אלי השרים לאמר לא־נבדלו העם ישראל והכהנים והלוים מעמי הארצות כתועבתיהם לכנעני החתי הפרזי היבוסי העמני המאבי המצרי והאמרי", 
            "כי־נשאו מבנתיהם להם ולבניהם והתערבו זרע הקדש בעמי הארצות ויד השרים והסגנים היתה במעל הזה ראשונה", 
            "וכשמעי את־הדבר הזה קרעתי את־בגדי ומעילי ואמרטה משער ראשי וזקני ואשבה משומם", 
            "ואלי יאספו כל חרד בדברי אלהי־ישראל על מעל הגולה ואני ישב משומם עד למנחת הערב", 
            "ובמנחת הערב קמתי מתעניתי ובקרעי בגדי ומעילי ואכרעה על־ברכי ואפרשה כפי אל־יהוה אלהי", 
            "ואמרה אלהי בשתי ונכלמתי להרים אלהי פני אליך כי עונתינו רבו למעלה ראש ואשמתנו גדלה עד לשמים", 
            "מימי אבתינו אנחנו באשמה גדלה עד היום הזה ובעונתינו נתנו אנחנו מלכינו כהנינו ביד מלכי הארצות בחרב בשבי ובבזה ובבשת פנים כהיום הזה", 
            "ועתה כמעט־רגע היתה תחנה מאת יהוה אלהינו להשאיר לנו פליטה ולתת־לנו יתד במקום קדשו להאיר עינינו אלהינו ולתתנו מחיה מעט בעבדתנו", 
            "כי־עבדים אנחנו ובעבדתנו לא עזבנו אלהינו ויט־עלינו חסד לפני מלכי פרס לתת־לנו מחיה לרומם את־בית אלהינו ולהעמיד את־חרבתיו ולתת־לנו גדר ביהודה ובירושלם", 
            "ועתה מה־נאמר אלהינו אחרי־זאת כי עזבנו מצותיך", 
            "אשר צוית ביד עבדיך הנביאים לאמר הארץ אשר אתם באים לרשתה ארץ נדה היא בנדת עמי הארצות בתועבתיהם אשר מלאוה מפה אל־פה בטמאתם", 
            "ועתה בנותיכם אל־תתנו לבניהם ובנתיהם אל־תשאו לבניכם ולא־תדרשו שלמם וטובתם עד־עולם למען תחזקו ואכלתם את־טוב הארץ והורשתם לבניכם עד־עולם", 
            "ואחרי כל־הבא עלינו במעשינו הרעים ובאשמתנו הגדלה כי אתה אלהינו חשכת למטה מעוננו ונתתה לנו פליטה כזאת", 
            "הנשוב להפר מצותיך ולהתחתן בעמי התעבות האלה הלוא תאנף־בנו עד־כלה לאין שארית ופליטה", 
            "יהוה אלהי ישראל צדיק אתה כי־נשארנו פליטה כהיום הזה הננו לפניך באשמתינו כי אין לעמוד לפניך על־זאת"
        ], 
        [
            "וכהתפלל עזרא וכהתודתו בכה ומתנפל לפני בית האלהים נקבצו אליו מישראל קהל רב־מאד אנשים ונשים וילדים כי־בכו העם הרבה־בכה", 
            "ויען שכניה בן־יחיאל מבני עולם [עילם] ויאמר לעזרא אנחנו מעלנו באלהינו ונשב נשים נכריות מעמי הארץ ועתה יש־מקוה לישראל על־זאת", 
            "ועתה נכרת־ברית לאלהינו להוציא כל־נשים והנולד מהם בעצת אדני והחרדים במצות אלהינו וכתורה יעשה", 
            "קום כי־עליך הדבר ואנחנו עמך חזק ועשה", 
            "ויקם עזרא וישבע את־שרי הכהנים הלוים וכל־ישראל לעשות כדבר הזה וישבעו", 
            "ויקם עזרא מלפני בית האלהים וילך אל־לשכת יהוחנן בן־אלישיב וילך שם לחם לא־אכל ומים לא־שתה כי מתאבל על־מעל הגולה", 
            "ויעבירו קול ביהודה וירושלם לכל בני הגולה להקבץ ירושלם", 
            "וכל אשר לא־יבוא לשלשת הימים כעצת השרים והזקנים יחרם כל־רכושו והוא יבדל מקהל הגולה", 
            "ויקבצו כל־אנשי־יהודה ובנימן ירושלם לשלשת הימים הוא חדש התשיעי בעשרים בחדש וישבו כל־העם ברחוב בית האלהים מרעידים על־הדבר ומהגשמים", 
            "ויקם עזרא הכהן ויאמר אלהם אתם מעלתם ותשיבו נשים נכריות להוסיף על־אשמת ישראל", 
            "ועתה תנו תודה ליהוה אלהי־אבתיכם ועשו רצונו והבדלו מעמי הארץ ומן־הנשים הנכריות", 
            "ויענו כל־הקהל ויאמרו קול גדול כן כדבריך [כדברך] עלינו לעשות", 
            "אבל העם רב והעת גשמים ואין כח לעמוד בחוץ והמלאכה לא־ליום אחד ולא לשנים כי־הרבינו לפשע בדבר הזה", 
            "יעמדו־נא שרינו לכל־הקהל וכל אשר בערינו ההשיב נשים נכריות יבא לעתים מזמנים ועמהם זקני־עיר ועיר ושפטיה עד להשיב חרון אף־אלהינו ממנו עד לדבר הזה", 
            "אך יונתן בן־עשהאל ויחזיה בן־תקוה עמדו על־זאת ומשלם ושבתי הלוי עזרם", 
            "ויעשו־כן בני הגולה ויבדלו עזרא הכהן אנשים ראשי האבות לבית אבתם וכלם בשמות וישבו ביום אחד לחדש העשירי לדריוש הדבר", 
            "ויכלו בכל אנשים ההשיבו נשים נכריות עד יום אחד לחדש הראשון", 
            "וימצא מבני הכהנים אשר השיבו נשים נכריות מבני ישוע בן־יוצדק ואחיו מעשיה ואליעזר ויריב וגדליה", 
            "ויתנו ידם להוציא נשיהם ואשמים איל־צאן על־אשמתם", 
            "ומבני אמר חנני וזבדיה", 
            "ומבני חרם מעשיה ואליה ושמעיה ויחיאל ועזיה", 
            "ומבני פשחור אליועיני מעשיה ישמעאל נתנאל יוזבד ואלעשה", 
            "ומן־הלוים יוזבד ושמעי וקליה הוא קליטא פתחיה יהודה ואליעזר", 
            "ומן־המשררים אלישיב ומן־השערים שלם וטלם ואורי", 
            "ומישראל מבני פרעש רמיה ויזיה ומלכיה ומימן ואלעזר ומלכיה ובניה", 
            "ומבני עילם מתניה זכריה ויחיאל ועבדי וירמות ואליה", 
            "ומבני זתוא אליועני אלישיב מתניה וירמות וזבד ועזיזא", 
            "ומבני בבי יהוחנן חנניה זבי עתלי", 
            "ומבני בני משלם מלוך ועדיה ישוב ושאל ירמות [ורמות]", 
            "ומבני פחת מואב עדנא וכלל בניה מעשיה מתניה בצלאל ובנוי ומנשה", 
            "ובני חרם אליעזר ישיה מלכיה שמעיה שמעון", 
            "בנימן מלוך שמריה", 
            "מבני חשם מתני מתתה זבד אליפלט ירמי מנשה שמעי", 
            "מבני בני מעדי עמרם ואואל", 
            "בניה בדיה כלהי [כלוהו]", 
            "וניה מרמות אלישיב", 
            "מתניה מתני ויעשו [ויעשי]", 
            "ובני ובנוי שמעי", 
            "ושלמיה ונתן ועדיה", 
            "מכנדבי ששי שרי", 
            "עזראל ושלמיהו שמריה", 
            "שלום אמריה יוסף", 
            "מבני נבו יעיאל מתתיה זבד זבינא ידו [ידי] ויואל בניה", 
            "כל־אלה נשאי [נשאו] נשים נכריות ויש מהם נשים וישימו בנים"
        ]
    ], 
    "versionSource": "http://www.tanach.us/Tanach.xml", 
    "heTitle": "עזרא", 
    "categories": [
        "Tanakh", 
        "Writings"
    ]
}