{
    "status": "locked", 
    "versionTitle": "Tanach with Text Only", 
    "sectionNames": [
        "Chapter", 
        "Verse"
    ], 
    "license": "Public Domain", 
    "language": "he", 
    "title": "Nehemiah", 
    "licenseVetted": true, 
    "text": [
        [
            "דברי נחמיה בן־חכליה ויהי בחדש־כסלו [כסליו] שנת עשרים ואני הייתי בשושן הבירה", 
            "ויבא חנני אחד מאחי הוא ואנשים מיהודה ואשאלם על־היהודים הפליטה אשר־נשארו מן־השבי ועל־ירושלם", 
            "ויאמרו לי הנשארים אשר־נשארו מן־השבי שם במדינה ברעה גדלה ובחרפה וחומת ירושלם מפרצת ושעריה נצתו באש", 
            "ויהי כשמעי את־הדברים האלה ישבתי ואבכה ואתאבלה ימים ואהי צם ומתפלל לפני אלהי השמים", 
            "ואמר אנא יהוה אלהי השמים האל הגדול והנורא שמר הברית וחסד לאהביו ולשמרי מצותיו", 
            "תהי נא אזנך־קשבת ועיניך פתוחות לשמע אל־תפלת עבדך אשר אנכי מתפלל לפניך היום יומם ולילה על־בני ישראל עבדיך ומתודה על־חטאות בני־ישראל אשר חטאנו לך ואני ובית־אבי חטאנו", 
            "חבל חבלנו לך ולא־שמרנו את־המצות ואת־החקים ואת־המשפטים אשר צוית את־משה עבדך", 
            "זכר־נא את־הדבר אשר צוית את־משה עבדך לאמר אתם תמעלו אני אפיץ אתכם בעמים", 
            "ושבתם אלי ושמרתם מצותי ועשיתם אתם אם־יהיה נדחכם בקצה השמים משם אקבצם והבואתים [והביאותים] אל־המקום אשר בחרתי לשכן את־שמי שם", 
            "והם עבדיך ועמך אשר פדית בכחך הגדול ובידך החזקה", 
            "אנא אדני תהי נא אזנך־קשבת אל־תפלת עבדך ואל־תפלת עבדיך החפצים ליראה את־שמך והצליחה־נא לעבדך היום ותנהו לרחמים לפני האיש הזה ואני הייתי משקה למלך"
        ], 
        [
            "ויהי בחדש ניסן שנת עשרים לארתחשסתא המלך יין לפניו ואשא את־היין ואתנה למלך ולא־הייתי רע לפניו", 
            "ויאמר לי המלך מדוע פניך רעים ואתה אינך חולה אין זה כי־אם רע לב ואירא הרבה מאד", 
            "ואמר למלך המלך לעולם יחיה מדוע לא־ירעו פני אשר העיר בית־קברות אבתי חרבה ושעריה אכלו באש", 
            "ויאמר לי המלך על־מה־זה אתה מבקש ואתפלל אל־אלהי השמים", 
            "ואמר למלך אם־על־המלך טוב ואם־ייטב עבדך לפניך אשר תשלחני אל־יהודה אל־עיר קברות אבתי ואבננה", 
            "ויאמר לי המלך והשגל יושבת אצלו עד־מתי יהיה מהלכך ומתי תשוב וייטב לפני־המלך וישלחני ואתנה לו זמן", 
            "ואומר למלך אם־על־המלך טוב אגרות יתנו־לי על־פחוות עבר הנהר אשר יעבירוני עד אשר־אבוא אל־יהודה", 
            "ואגרת אל־אסף שמר הפרדס אשר למלך אשר יתן־לי עצים לקרות את־שערי הבירה אשר־לבית ולחומת העיר ולבית אשר־אבוא אליו ויתן־לי המלך כיד־אלהי הטובה עלי", 
            "ואבוא אל־פחוות עבר הנהר ואתנה להם את אגרות המלך וישלח עמי המלך שרי חיל ופרשים", 
            "וישמע סנבלט החרני וטוביה העבד העמני וירע להם רעה גדלה אשר־בא אדם לבקש טובה לבני ישראל", 
            "ואבוא אל־ירושלם ואהי־שם ימים שלשה", 
            "ואקום לילה אני ואנשים מעט עמי ולא־הגדתי לאדם מה אלהי נתן אל־לבי לעשות לירושלם ובהמה אין עמי כי אם־הבהמה אשר אני רכב בה", 
            "ואצאה בשער־הגיא לילה ואל־פני עין התנין ואל־שער האשפת ואהי שבר בחומת ירושלם אשר־המפרוצים [הם ] [פרוצים] ושעריה אכלו באש", 
            "ואעבר אל־שער העין ואל־ברכת המלך ואין־מקום לבהמה לעבר תחתי", 
            "ואהי עלה בנחל לילה ואהי שבר בחומה ואשוב ואבוא בשער הגיא ואשוב", 
            "והסגנים לא ידעו אנה הלכתי ומה אני עשה וליהודים ולכהנים ולחרים ולסגנים וליתר עשה המלאכה עד־כן לא הגדתי", 
            "ואומר אלהם אתם ראים הרעה אשר אנחנו בה אשר ירושלם חרבה ושעריה נצתו באש לכו ונבנה את־חומת ירושלם ולא־נהיה עוד חרפה", 
            "ואגיד להם את־יד אלהי אשר־היא טובה עלי ואף־דברי המלך אשר אמר־לי ויאמרו נקום ובנינו ויחזקו ידיהם לטובה", 
            "וישמע סנבלט החרני וטביה העבד העמוני וגשם הערבי וילעגו לנו ויבזו עלינו ויאמרו מה־הדבר הזה אשר אתם עשים העל המלך אתם מרדים", 
            "ואשיב אותם דבר ואומר להם אלהי השמים הוא יצליח לנו ואנחנו עבדיו נקום ובנינו ולכם אין־חלק וצדקה וזכרון בירושלם"
        ], 
        [
            "ויקם אלישיב הכהן הגדול ואחיו הכהנים ויבנו את־שער הצאן המה קדשוהו ויעמידו דלתתיו ועד־מגדל המאה קדשוהו עד מגדל חננאל", 
            "ועל־ידו בנו אנשי ירחו ועל־ידו בנה זכור בן־אמרי", 
            "ואת שער הדגים בנו בני הסנאה המה קרוהו ויעמידו דלתתיו מנעוליו ובריחיו", 
            "ועל־ידם החזיק מרמות בן־אוריה בן־הקוץ ועל־ידם החזיק משלם בן־ברכיה בן־משיזבאל ועל־ידם החזיק צדוק בן־בענא", 
            "ועל־ידם החזיקו התקועים ואדיריהם לא־הביאו צורם בעבדת אדניהם", 
            "ואת שער הישנה החזיקו יוידע בן־פסח ומשלם בן־בסודיה המה קרוהו ויעמידו דלתתיו ומנעליו ובריחיו", 
            "ועל־ידם החזיק מלטיה הגבעני וידון המרנתי אנשי גבעון והמצפה לכסא פחת עבר הנהר", 
            "על־ידו החזיק עזיאל בן־חרהיה צורפים ועל־ידו החזיק חנניה בן־הרקחים ויעזבו ירושלם עד החומה הרחבה", 
            "ועל־ידם החזיק רפיה בן־חור שר חצי פלך ירושלם", 
            "ועל־ידם החזיק ידיה בן־חרומף ונגד ביתו ועל־ידו החזיק חטוש בן־חשבניה", 
            "מדה שנית החזיק מלכיה בן־חרם וחשוב בן־פחת מואב ואת מגדל התנורים", 
            "ועל־ידו החזיק שלום בן־הלוחש שר חצי פלך ירושלם הוא ובנותיו", 
            "את שער הגיא החזיק חנון וישבי זנוח המה בנוהו ויעמידו דלתתיו מנעליו ובריחיו ואלף אמה בחומה עד שער השפות", 
            "ואת שער האשפות החזיק מלכיה בן־רכב שר פלך בית־הכרם הוא יבננו ויעמיד דלתתיו מנעליו ובריחיו", 
            "ואת שער העין החזיק שלון בן־כל־חזה שר פלך המצפה הוא יבננו ויטללנו ויעמידו [ויעמיד] דלתתיו מנעליו ובריחיו ואת חומת ברכת השלח לגן־המלך ועד־המעלות היורדות מעיר דויד", 
            "אחריו החזיק נחמיה בן־עזבוק שר חצי פלך בית־צור עד־נגד קברי דויד ועד־הברכה העשויה ועד בית הגברים", 
            "אחריו החזיקו הלוים רחום בן־בני על־ידו החזיק חשביה שר־חצי־פלך קעילה לפלכו", 
            "אחריו החזיקו אחיהם בוי בן־חנדד שר חצי פלך קעילה", 
            "ויחזק על־ידו עזר בן־ישוע שר המצפה מדה שנית מנגד עלת הנשק המקצע", 
            "אחריו החרה החזיק ברוך בן־זבי [זכי] מדה שנית מן־המקצוע עד־פתח בית אלישיב הכהן הגדול", 
            "אחריו החזיק מרמות בן־אוריה בן־הקוץ מדה שנית מפתח בית אלישיב ועד־תכלית בית אלישיב", 
            "ואחריו החזיקו הכהנים אנשי הככר", 
            "אחריו החזיק בנימן וחשוב נגד ביתם אחריו החזיק עזריה בן־מעשיה בן־ענניה אצל ביתו", 
            "אחריו החזיק בנוי בן־חנדד מדה שנית מבית עזריה עד־המקצוע ועד־הפנה", 
            "פלל בן־אוזי מנגד המקצוע והמגדל היוצא מבית המלך העליון אשר לחצר המטרה אחריו פדיה בן־פרעש", 
            "והנתינים היו ישבים בעפל עד נגד שער המים למזרח והמגדל היוצא", 
            "אחריו החזיקו התקעים מדה שנית מנגד המגדל הגדול היוצא ועד חומת העפל", 
            "מעל שער הסוסים החזיקו הכהנים איש לנגד ביתו", 
            "אחריו החזיק צדוק בן־אמר נגד ביתו ואחריו החזיק שמעיה בן־שכניה שמר שער המזרח", 
            "אחרי [אחריו] החזיק חנניה בן־שלמיה וחנון בן־צלף הששי מדה שני אחריו החזיק משלם בן־ברכיה נגד נשכתו", 
            "אחרי [אחריו] החזיק מלכיה בן־הצרפי עד־בית הנתינים והרכלים נגד שער המפקד ועד עלית הפנה", 
            "ובין עלית הפנה לשער הצאן החזיקו הצרפים והרכלים", 
            "ויהי כאשר שמע סנבלט כי־אנחנו בונים את־החומה ויחר לו ויכעס הרבה וילעג על־היהודים", 
            "ויאמר לפני אחיו וחיל שמרון ויאמר מה היהודים האמללים עשים היעזבו להם היזבחו היכלו ביום היחיו את־האבנים מערמות העפר והמה שרופות", 
            "וטוביה העמני אצלו ויאמר גם אשר־הם בונים אם־יעלה שועל ופרץ חומת אבניהם", 
            "שמע אלהינו כי־היינו בוזה והשב חרפתם אל־ראשם ותנם לבזה בארץ שביה", 
            "ואל־תכס על־עונם וחטאתם מלפניך אל־תמחה כי הכעיסו לנגד הבונים", 
            "ונבנה את־החומה ותקשר כל־החומה עד־חציה ויהי לב לעם לעשות"
        ], 
        [
            "ויהי כאשר שמע סנבלט וטוביה והערבים והעמנים והאשדודים כי־עלתה ארוכה לחמות ירושלם כי־החלו הפרצים להסתם ויחר להם מאד", 
            "ויקשרו כלם יחדו לבוא להלחם בירושלם ולעשות לו תועה", 
            "ונתפלל אל־אלהינו ונעמיד משמר עליהם יומם ולילה מפניהם", 
            "ויאמר יהודה כשל כח הסבל והעפר הרבה ואנחנו לא נוכל לבנות בחומה", 
            "ויאמרו צרינו לא ידעו ולא יראו עד אשר־נבוא אל־תוכם והרגנום והשבתנו את־המלאכה", 
            "ויהי כאשר־באו היהודים הישבים אצלם ויאמרו לנו עשר פעמים מכל־המקמות אשר־תשובו עלינו", 
            "ואעמיד מתחתיות למקום מאחרי לחומה בצחחיים [בצחיחים] ואעמיד את־העם למשפחות עם־חרבתיהם רמחיהם וקשתתיהם", 
            "וארא ואקום ואמר אל־החרים ואל־הסגנים ואל־יתר העם אל־תיראו מפניהם את־אדני הגדול והנורא זכרו והלחמו על־אחיכם בניכם ובנתיכם נשיכם ובתיכם", 
            "ויהי כאשר־שמעו אויבינו כי־נודע לנו ויפר האלהים את־עצתם ונשוב [ונשב] כלנו אל־החומה איש אל־מלאכתו", 
            "ויהי מן־היום ההוא חצי נערי עשים במלאכה וחצים מחזיקים והרמחים המגנים והקשתות והשרינים והשרים אחרי כל־בית יהודה", 
            "הבונים בחומה והנשאים בסבל עמשים באחת ידו עשה במלאכה ואחת מחזקת השלח", 
            "והבונים איש חרבו אסורים על־מתניו ובונים והתוקע בשופר אצלי", 
            "ואמר אל־החרים ואל־הסגנים ואל־יתר העם המלאכה הרבה ורחבה ואנחנו נפרדים על־החומה רחוקים איש מאחיו", 
            "במקום אשר תשמעו את־קול השופר שמה תקבצו אלינו אלהינו ילחם לנו", 
            "ואנחנו עשים במלאכה וחצים מחזיקים ברמחים מעלות השחר עד צאת הכוכבים", 
            "גם בעת ההיא אמרתי לעם איש ונערו ילינו בתוך ירושלם והיו־לנו הלילה משמר והיום מלאכה", 
            "ואין אני ואחי ונערי ואנשי המשמר אשר אחרי אין־אנחנו פשטים בגדינו איש שלחו המים"
        ], 
        [
            "ותהי צעקת העם ונשיהם גדולה אל־אחיהם היהודים", 
            "ויש אשר אמרים בנינו ובנתינו אנחנו רבים ונקחה דגן ונאכלה ונחיה", 
            "ויש אשר אמרים שדתינו וכרמינו ובתינו אנחנו ערבים ונקחה דגן ברעב", 
            "ויש אשר אמרים לוינו כסף למדת המלך שדתינו וכרמינו", 
            "ועתה כבשר אחינו בשרנו כבניהם בנינו והנה אנחנו כבשים את־בנינו ואת־בנתינו לעבדים ויש מבנתינו נכבשות ואין לאל ידנו ושדתינו וכרמינו לאחרים", 
            "ויחר לי מאד כאשר שמעתי את־זעקתם ואת הדברים האלה", 
            "וימלך לבי עלי ואריבה את־החרים ואת־הסגנים ואמרה להם משא איש־באחיו אתם נשאים [נשים] ואתן עליהם קהלה גדולה", 
            "ואמרה להם אנחנו קנינו את־אחינו היהודים הנמכרים לגוים כדי בנו וגם־אתם תמכרו את־אחיכם ונמכרו־לנו ויחרישו ולא מצאו דבר", 
            "ויאמר [ואומר] לא־טוב הדבר אשר־אתם עשים הלוא ביראת אלהינו תלכו מחרפת הגוים אויבינו", 
            "וגם־אני אחי ונערי נשים בהם כסף ודגן נעזבה־נא את־המשא הזה", 
            "השיבו נא להם כהיום שדתיהם כרמיהם זיתיהם ובתיהם ומאת הכסף והדגן התירוש והיצהר אשר אתם נשים בהם", 
            "ויאמרו נשיב ומהם לא נבקש כן נעשה כאשר אתה אומר ואקרא את־הכהנים ואשביעם לעשות כדבר הזה", 
            "גם־חצני נערתי ואמרה ככה ינער האלהים את־כל־האיש אשר לא־יקים את־הדבר הזה מביתו ומיגיעו וככה יהיה נעור ורק ויאמרו כל־הקהל אמן ויהללו את־יהוה ויעש העם כדבר הזה", 
            "גם מיום אשר־צוה אתי להיות פחם בארץ יהודה משנת עשרים ועד שנת שלשים ושתים לארתחשסתא המלך שנים שתים עשרה אני ואחי לחם הפחה לא אכלתי", 
            "והפחות הראשנים אשר־לפני הכבידו על־העם ויקחו מהם בלחם ויין אחר כסף־שקלים ארבעים גם נעריהם שלטו על־העם ואני לא־עשיתי כן מפני יראת אלהים", 
            "וגם במלאכת החומה הזאת החזקתי ושדה לא קנינו וכל־נערי קבוצים שם על־המלאכה", 
            "והיהודים והסגנים מאה וחמשים איש והבאים אלינו מן־הגוים אשר־סביבתינו על־שלחני", 
            "ואשר היה נעשה ליום אחד שור אחד צאן שש־בררות וצפרים נעשו־לי ובין עשרת ימים בכל־יין להרבה ועם־זה לחם הפחה לא בקשתי כי־כבדה העבדה על־העם הזה", 
            "זכרה־לי אלהי לטובה כל אשר־עשיתי על־העם הזה"
        ], 
        [
            "ויהי כאשר נשמע לסנבלט וטוביה ולגשם הערבי וליתר איבינו כי בניתי את־החומה ולא־נותר בה פרץ גם עד־העת ההיא דלתות לא־העמדתי בשערים", 
            "וישלח סנבלט וגשם אלי לאמר לכה ונועדה יחדו בכפירים בבקעת אונו והמה חשבים לעשות לי רעה", 
            "ואשלחה עליהם מלאכים לאמר מלאכה גדולה אני עשה ולא אוכל לרדת למה תשבת המלאכה כאשר ארפה וירדתי אליכם", 
            "וישלחו אלי כדבר הזה ארבע פעמים ואשיב אותם כדבר הזה", 
            "וישלח אלי סנבלט כדבר הזה פעם חמישית את־נערו ואגרת פתוחה בידו", 
            "כתוב בה בגוים נשמע וגשמו אמר אתה והיהודים חשבים למרוד על־כן אתה בונה החומה ואתה הוה להם למלך כדברים האלה", 
            "וגם־נביאים העמדת לקרא עליך בירושלם לאמר מלך ביהודה ועתה ישמע למלך כדברים האלה ועתה לכה ונועצה יחדו", 
            "ואשלחה אליו לאמר לא נהיה כדברים האלה אשר אתה אומר כי מלבך אתה בודאם", 
            "כי כלם מיראים אותנו לאמר ירפו ידיהם מן־המלאכה ולא תעשה ועתה חזק את־ידי", 
            "ואני־באתי בית שמעיה בן־דליה בן־מהיטבאל והוא עצור ויאמר נועד אל־בית האלהים אל־תוך ההיכל ונסגרה דלתות ההיכל כי באים להרגך ולילה באים להרגך", 
            "ואמרה האיש כמוני יברח ומי כמוני אשר־יבוא אל־ההיכל וחי לא אבוא", 
            "ואכירה והנה לא־אלהים שלחו כי הנבואה דבר עלי וטוביה וסנבלט שכרו", 
            "למען שכור הוא למען־אירא ואעשה־כן וחטאתי והיה להם לשם רע למען יחרפוני", 
            "זכרה אלהי לטוביה ולסנבלט כמעשיו אלה וגם לנועדיה הנביאה וליתר הנביאים אשר היו מיראים אותי", 
            "ותשלם החומה בעשרים וחמשה לאלול לחמשים ושנים יום", 
            "ויהי כאשר שמעו כל־אויבינו ויראו כל־הגוים אשר סביבתינו ויפלו מאד בעיניהם וידעו כי מאת אלהינו נעשתה המלאכה הזאת", 
            "גם בימים ההם מרבים חרי יהודה אגרתיהם הולכות על־טוביה ואשר לטוביה באות אליהם", 
            "כי־רבים ביהודה בעלי שבועה לו כי־חתן הוא לשכניה בן־ארח ויהוחנן בנו לקח את־בת־משלם בן ברכיה", 
            "גם טובתיו היו אמרים לפני ודברי היו מוציאים לו אגרות שלח טוביה ליראני"
        ], 
        [
            "ויהי כאשר נבנתה החומה ואעמיד הדלתות ויפקדו השוערים והמשררים והלוים", 
            "ואצוה את־חנני אחי ואת־חנניה שר הבירה על־ירושלם כי־הוא כאיש אמת וירא את־האלהים מרבים", 
            "ויאמר [ואמר] להם לא יפתחו שערי ירושלם עד־חם השמש ועד הם עמדים יגיפו הדלתות ואחזו והעמיד משמרות ישבי ירושלם איש במשמרו ואיש נגד ביתו", 
            "והעיר רחבת ידים וגדולה והעם מעט בתוכה ואין בתים בנוים", 
            "ויתן אלהי אל־לבי ואקבצה את־החרים ואת־הסגנים ואת־העם להתיחש ואמצא ספר היחש העולים בראשונה ואמצא כתוב בו", 
            "אלה בני המדינה העלים משבי הגולה אשר הגלה נבוכדנצר מלך בבל וישובו לירושלם וליהודה איש לעירו", 
            "הבאים עם־זרבבל ישוע נחמיה עזריה רעמיה נחמני מרדכי בלשן מספרת בגוי נחום בענה מספר אנשי עם ישראל", 
            "בני פרעש אלפים מאה ושבעים ושנים", 
            "בני שפטיה שלש מאות שבעים ושנים", 
            "בני ארח שש מאות חמשים ושנים", 
            "בני־פחת מואב לבני ישוע ויואב אלפים ושמנה מאות שמנה עשר", 
            "בני עילם אלף מאתים חמשים וארבעה", 
            "בני זתוא שמנה מאות ארבעים וחמשה", 
            "בני זכי שבע מאות וששים", 
            "בני בנוי שש מאות ארבעים ושמנה", 
            "בני בבי שש מאות עשרים ושמנה", 
            "בני עזגד אלפים שלש מאות עשרים ושנים", 
            "בני אדניקם שש מאות ששים ושבעה", 
            "בני בגוי אלפים ששים ושבעה", 
            "בני עדין שש מאות חמשים וחמשה", 
            "בני־אטר לחזקיה תשעים ושמנה", 
            "בני חשם שלש מאות עשרים ושמנה", 
            "בני בצי שלש מאות עשרים וארבעה", 
            "בני חריף מאה שנים עשר", 
            "בני גבעון תשעים וחמשה", 
            "אנשי בית־לחם ונטפה מאה שמנים ושמנה", 
            "אנשי ענתות מאה עשרים ושמנה", 
            "אנשי בית־עזמות ארבעים ושנים", 
            "אנשי קרית יערים כפירה ובארות שבע מאות ארבעים ושלשה", 
            "אנשי הרמה וגבע שש מאות עשרים ואחד", 
            "אנשי מכמס מאה ועשרים ושנים", 
            "אנשי בית־אל והעי מאה עשרים ושלשה", 
            "אנשי נבו אחר חמשים ושנים", 
            "בני עילם אחר אלף מאתים חמשים וארבעה", 
            "בני חרם שלש מאות ועשרים", 
            "בני ירחו שלש מאות ארבעים וחמשה", 
            "בני־לד חדיד ואונו שבע מאות ועשרים ואחד", 
            "בני סנאה שלשת אלפים תשע מאות ושלשים", 
            "הכהנים בני ידעיה לבית ישוע תשע מאות שבעים ושלשה", 
            "בני אמר אלף חמשים ושנים", 
            "בני פשחור אלף מאתים ארבעים ושבעה", 
            "בני חרם אלף שבעה עשר", 
            "הלוים בני־ישוע לקדמיאל לבני להודוה שבעים וארבעה", 
            "המשררים בני אסף מאה ארבעים ושמנה", 
            "השערים בני־שלום בני־אטר בני־טלמן בני־עקוב בני חטיטא בני שבי מאה שלשים ושמנה", 
            "הנתינים בני־צחא בני־חשפא בני טבעות", 
            "בני־קירס בני־סיעא בני פדון", 
            "בני־לבנה בני־חגבה בני שלמי", 
            "בני־חנן בני־גדל בני־גחר", 
            "בני־ראיה בני־רצין בני נקודא", 
            "בני־גזם בני־עזא בני פסח", 
            "בני־בסי בני־מעונים בני נפושסים [נפישסים]", 
            "בני־בקבוק בני־חקופא בני חרחור", 
            "בני־בצלית בני־מחידא בני חרשא", 
            "בני־ברקוס בני־סיסרא בני־תמח", 
            "בני נציח בני חטיפא", 
            "בני עבדי שלמה בני־סוטי בני־סופרת בני פרידא", 
            "בני־יעלא בני־דרקון בני גדל", 
            "בני שפטיה בני־חטיל בני פכרת הצביים בני אמון", 
            "כל־הנתינים ובני עבדי שלמה שלש מאות תשעים ושנים", 
            "ואלה העולים מתל מלח תל חרשא כרוב אדון ואמר ולא יכלו להגיד בית־אבותם וזרעם אם מישראל הם", 
            "בני־דליה בני־טוביה בני נקודא שש מאות וארבעים ושנים", 
            "ומן־הכהנים בני חביה בני הקוץ בני ברזלי אשר לקח מבנות ברזלי הגלעדי אשה ויקרא על־שמם", 
            "אלה בקשו כתבם המתיחשים ולא נמצא ויגאלו מן־הכהנה", 
            "ויאמר התרשתא להם אשר לא־יאכלו מקדש הקדשים עד עמד הכהן לאורים ותומים", 
            "כל־הקהל כאחד ארבע רבוא אלפים שלש־מאות וששים", 
            "מלבד עבדיהם ואמהתיהם אלה שבעת אלפים שלש מאות שלשים ושבעה ולהם משררים ומשררות מאתים וארבעים וחמשה", 
            "גמלים ארבע מאות שלשים וחמשה חמרים ששת אלפים שבע מאות ועשרים", 
            "ומקצת ראשי האבות נתנו למלאכה התרשתא נתן לאוצר זהב דרכמנים אלף מזרקות חמשים כתנות כהנים שלשים וחמש מאות", 
            "ומראשי האבות נתנו לאוצר המלאכה זהב דרכמונים שתי רבות וכסף מנים אלפים ומאתים", 
            "ואשר נתנו שארית העם זהב דרכמונים שתי רבוא וכסף מנים אלפים וכתנת כהנים ששים ושבעה", 
            "וישבו הכהנים והלוים והשוערים והמשררים ומן־העם והנתינים וכל־ישראל בעריהם ויגע החדש השביעי ובני ישראל בעריהם"
        ], 
        [
            "ויאספו כל־העם כאיש אחד אל־הרחוב אשר לפני שער־המים ויאמרו לעזרא הספר להביא את־ספר תורת משה אשר־צוה יהוה את־ישראל", 
            "ויביא עזרא הכהן את־התורה לפני הקהל מאיש ועד־אשה וכל מבין לשמע ביום אחד לחדש השביעי", 
            "ויקרא־בו לפני הרחוב אשר לפני שער־המים מן־האור עד־מחצית היום נגד האנשים והנשים והמבינים ואזני כל־העם אל־ספר התורה", 
            "ויעמד עזרא הספר על־מגדל־עץ אשר עשו לדבר ויעמד אצלו מתתיה ושמע ועניה ואוריה וחלקיה ומעשיה על־ימינו ומשמאלו פדיה ומישאל ומלכיה וחשם וחשבדנה זכריה משלם", 
            "ויפתח עזרא הספר לעיני כל־העם כי־מעל כל־העם היה וכפתחו עמדו כל־העם", 
            "ויברך עזרא את־יהוה האלהים הגדול ויענו כל־העם אמן אמן במעל ידיהם ויקדו וישתחו ליהוה אפים ארצה", 
            "וישוע ובני ושרביה ימין עקוב שבתי הודיה מעשיה קליטא עזריה יוזבד חנן פלאיה והלוים מבינים את־העם לתורה והעם על־עמדם", 
            "ויקראו בספר בתורת האלהים מפרש ושום שכל ויבינו במקרא", 
            "ויאמר נחמיה הוא התרשתא ועזרא הכהן הספר והלוים המבינים את־העם לכל־העם היום קדש־הוא ליהוה אלהיכם אל־תתאבלו ואל־תבכו כי בוכים כל־העם כשמעם את־דברי התורה", 
            "ויאמר להם לכו אכלו משמנים ושתו ממתקים ושלחו מנות לאין נכון לו כי־קדוש היום לאדנינו ואל־תעצבו כי־חדות יהוה היא מעזכם", 
            "והלוים מחשים לכל־העם לאמר הסו כי היום קדש ואל־תעצבו", 
            "וילכו כל־העם לאכל ולשתות ולשלח מנות ולעשות שמחה גדולה כי הבינו בדברים אשר הודיעו להם", 
            "וביום השני נאספו ראשי האבות לכל־העם הכהנים והלוים אל־עזרא הספר ולהשכיל אל־דברי התורה", 
            "וימצאו כתוב בתורה אשר צוה יהוה ביד־משה אשר ישבו בני־ישראל בסכות בחג בחדש השביעי", 
            "ואשר ישמיעו ויעבירו קול בכל־עריהם ובירושלם לאמר צאו ההר והביאו עלי־זית ועלי־עץ שמן ועלי הדס ועלי תמרים ועלי עץ עבת לעשת סכת ככתוב", 
            "ויצאו העם ויביאו ויעשו להם סכות איש על־גגו ובחצרתיהם ובחצרות בית האלהים וברחוב שער המים וברחוב שער אפרים", 
            "ויעשו כל־הקהל השבים מן־השבי סכות וישבו בסכות כי לא־עשו מימי ישוע בן־נון כן בני ישראל עד היום ההוא ותהי שמחה גדולה מאד", 
            "ויקרא בספר תורת האלהים יום ביום מן־היום הראשון עד היום האחרון ויעשו־חג שבעת ימים וביום השמיני עצרת כמשפט"
        ], 
        [
            "וביום עשרים וארבעה לחדש הזה נאספו בני־ישראל בצום ובשקים ואדמה עליהם", 
            "ויבדלו זרע ישראל מכל בני נכר ויעמדו ויתודו על־חטאתיהם ועונות אבתיהם", 
            "ויקומו על־עמדם ויקראו בספר תורת יהוה אלהיהם רבעית היום ורבעית מתודים ומשתחוים ליהוה אלהיהם", 
            "ויקם על־מעלה הלוים ישוע ובני קדמיאל שבניה בני שרביה בני כנני ויזעקו בקול גדול אל־יהוה אלהיהם", 
            "ויאמרו הלוים ישוע וקדמיאל בני חשבניה שרביה הודיה שבניה פתחיה קומו ברכו את־יהוה אלהיכם מן־העולם עד־העולם ויברכו שם כבודך ומרומם על־כל־ברכה ותהלה", 
            "אתה־הוא יהוה לבדך את [אתה] עשית את־השמים שמי השמים וכל־צבאם הארץ וכל־אשר עליה הימים וכל־אשר בהם ואתה מחיה את־כלם וצבא השמים לך משתחוים", 
            "אתה־הוא יהוה האלהים אשר בחרת באברם והוצאתו מאור כשדים ושמת שמו אברהם", 
            "ומצאת את־לבבו נאמן לפניך וכרות עמו הברית לתת את־ארץ הכנעני החתי האמרי והפרזי והיבוסי והגרגשי לתת לזרעו ותקם את־דבריך כי צדיק אתה", 
            "ותרא את־עני אבתינו במצרים ואת־זעקתם שמעת על־ים־סוף", 
            "ותתן אתת ומפתים בפרעה ובכל־עבדיו ובכל־עם ארצו כי ידעת כי הזידו עליהם ותעש־לך שם כהיום הזה", 
            "והים בקעת לפניהם ויעברו בתוך־הים ביבשה ואת־רדפיהם השלכת במצולת כמו־אבן במים עזים", 
            "ובעמוד ענן הנחיתם יומם ובעמוד אש לילה להאיר להם את־הדרך אשר ילכו־בה", 
            "ועל הר־סיני ירדת ודבר עמהם משמים ותתן להם משפטים ישרים ותורות אמת חקים ומצות טובים", 
            "ואת־שבת קדשך הודעת להם ומצוות וחקים ותורה צוית להם ביד משה עבדך", 
            "ולחם משמים נתתה להם לרעבם ומים מסלע הוצאת להם לצמאם ותאמר להם לבוא לרשת את־הארץ אשר־נשאת את־ידך לתת להם", 
            "והם ואבתינו הזידו ויקשו את־ערפם ולא שמעו אל־מצותיך", 
            "וימאנו לשמע ולא־זכרו נפלאתיך אשר עשית עמהם ויקשו את־ערפם ויתנו־ראש לשוב לעבדתם במרים ואתה אלוה סליחות חנון ורחום ארך־אפים ורב־וחסד [חסד] ולא עזבתם", 
            "אף כי־עשו להם עגל מסכה ויאמרו זה אלהיך אשר העלך ממצרים ויעשו נאצות גדלות", 
            "ואתה ברחמיך הרבים לא עזבתם במדבר את־עמוד הענן לא־סר מעליהם ביומם להנחתם בהדרך ואת־עמוד האש בלילה להאיר להם ואת־הדרך אשר ילכו־בה", 
            "ורוחך הטובה נתת להשכילם ומנך לא־מנעת מפיהם ומים נתתה להם לצמאם", 
            "וארבעים שנה כלכלתם במדבר לא חסרו שלמתיהם לא בלו ורגליהם לא בצקו", 
            "ותתן להם ממלכות ועממים ותחלקם לפאה ויירשו את־ארץ סיחון ואת־ארץ מלך חשבון ואת־ארץ עוג מלך־הבשן", 
            "ובניהם הרבית כככבי השמים ותביאם אל־הארץ אשר־אמרת לאבתיהם לבוא לרשת", 
            "ויבאו הבנים ויירשו את־הארץ ותכנע לפניהם את־ישבי הארץ הכנענים ותתנם בידם ואת־מלכיהם ואת־עממי הארץ לעשות בהם כרצונם", 
            "וילכדו ערים בצרות ואדמה שמנה ויירשו בתים מלאים־כל־טוב ברות חצובים כרמים וזיתים ועץ מאכל לרב ויאכלו וישבעו וישמינו ויתעדנו בטובך הגדול", 
            "וימרו וימרדו בך וישלכו את־תורתך אחרי גום ואת־נביאיך הרגו אשר־העידו בם להשיבם אליך ויעשו נאצות גדולת", 
            "ותתנם ביד צריהם ויצרו להם ובעת צרתם יצעקו אליך ואתה משמים תשמע וכרחמיך הרבים תתן להם מושיעים ויושיעום מיד צריהם", 
            "וכנוח להם ישובו לעשות רע לפניך ותעזבם ביד איביהם וירדו בהם וישובו ויזעקוך ואתה משמים תשמע ותצילם כרחמיך רבות עתים", 
            "ותעד בהם להשיבם אל־תורתך והמה הזידו ולא־שמעו למצותיך ובמשפטיך חטאו־בם אשר־יעשה אדם וחיה בהם ויתנו כתף סוררת וערפם הקשו ולא שמעו", 
            "ותמשך עליהם שנים רבות ותעד בם ברוחך ביד־נביאיך ולא האזינו ותתנם ביד עמי הארצת", 
            "וברחמיך הרבים לא־עשיתם כלה ולא עזבתם כי אל־חנון ורחום אתה", 
            "ועתה אלהינו האל הגדול הגבור והנורא שומר הברית והחסד אל־ימעט לפניך את כל־התלאה אשר־מצאתנו למלכינו לשרינו ולכהנינו ולנביאנו ולאבתינו ולכל־עמך מימי מלכי אשור עד היום הזה", 
            "ואתה צדיק על כל־הבא עלינו כי־אמת עשית ואנחנו הרשענו", 
            "ואת־מלכינו שרינו כהנינו ואבתינו לא עשו תורתך ולא הקשיבו אל־מצותיך ולעדותיך אשר העידת בהם", 
            "והם במלכותם ובטובך הרב אשר־נתת להם ובארץ הרחבה והשמנה אשר־נתת לפניהם לא עבדוך ולא־שבו ממעלליהם הרעים", 
            "הנה אנחנו היום עבדים והארץ אשר־נתתה לאבתינו לאכל את־פריה ואת־טובה הנה אנחנו עבדים עליה", 
            "ותבואתה מרבה למלכים אשר־נתתה עלינו בחטאותינו ועל גויתינו משלים ובבהמתנו כרצונם ובצרה גדולה אנחנו"
        ], 
        [
            "ובכל־זאת אנחנו כרתים אמנה וכתבים ועל החתום שרינו לוינו כהנינו", 
            "ועל החתומים נחמיה התרשתא בן־חכליה וצדקיה", 
            "שריה עזריה ירמיה", 
            "פשחור אמריה מלכיה", 
            "חטוש שבניה מלוך", 
            "חרם מרמות עבדיה", 
            "דניאל גנתון ברוך", 
            "משלם אביה מימן", 
            "מעזיה בלגי שמעיה אלה הכהנים", 
            "והלוים וישוע בן־אזניה בנוי מבני חנדד קדמיאל", 
            "ואחיהם שבניה הודיה קליטא פלאיה חנן", 
            "מיכא רחוב חשביה", 
            "זכור שרביה שבניה", 
            "הודיה בני בנינו", 
            "ראשי העם פרעש פחת מואב עילם זתוא בני", 
            "בני עזגד בבי", 
            "אדניה בגוי עדין", 
            "אטר חזקיה עזור", 
            "הודיה חשם בצי", 
            "חריף ענתות נובי [ניבי]", 
            "מגפיעש משלם חזיר", 
            "משיזבאל צדוק ידוע", 
            "פלטיה חנן עניה", 
            "הושע חנניה חשוב", 
            "הלוחש פלחא שובק", 
            "רחום חשבנה מעשיה", 
            "ואחיה חנן ענן", 
            "מלוך חרם בענה", 
            "ושאר העם הכהנים הלוים השוערים המשררים הנתינים וכל־הנבדל מעמי הארצות אל־תורת האלהים נשיהם בניהם ובנתיהם כל יודע מבין", 
            "מחזיקים על־אחיהם אדיריהם ובאים באלה ובשבועה ללכת בתורת האלהים אשר נתנה ביד משה עבד־האלהים ולשמור ולעשות את־כל־מצות יהוה אדנינו ומשפטיו וחקיו", 
            "ואשר לא־נתן בנתינו לעמי הארץ ואת־בנתיהם לא נקח לבנינו", 
            "ועמי הארץ המביאים את־המקחות וכל־שבר ביום השבת למכור לא־נקח מהם בשבת וביום קדש ונטש את־השנה השביעית ומשא כל־יד", 
            "והעמדנו עלינו מצות לתת עלינו שלשית השקל בשנה לעבדת בית אלהינו", 
            "ללחם המערכת ומנחת התמיד ולעולת התמיד השבתות החדשים למועדים ולקדשים ולחטאות לכפר על־ישראל וכל מלאכת בית־אלהינו", 
            "והגורלות הפלנו על־קרבן העצים הכהנים הלוים והעם להביא לבית אלהינו לבית־אבתינו לעתים מזמנים שנה בשנה לבער על־מזבח יהוה אלהינו ככתוב בתורה", 
            "ולהביא את־בכורי אדמתנו ובכורי כל־פרי כל־עץ שנה בשנה לבית יהוה", 
            "ואת־בכרות בנינו ובהמתינו ככתוב בתורה ואת־בכורי בקרינו וצאנינו להביא לבית אלהינו לכהנים המשרתים בבית אלהינו", 
            "ואת־ראשית עריסתינו ותרומתינו ופרי כל־עץ תירוש ויצהר נביא לכהנים אל־לשכות בית־אלהינו ומעשר אדמתנו ללוים והם הלוים המעשרים בכל ערי עבדתנו", 
            "והיה הכהן בן־אהרן עם־הלוים בעשר הלוים והלוים יעלו את־מעשר המעשר לבית אלהינו אל־הלשכות לבית האוצר", 
            "כי אל־הלשכות יביאו בני־ישראל ובני הלוי את־תרומת הדגן התירוש והיצהר ושם כלי המקדש והכהנים המשרתים והשוערים והמשררים ולא נעזב את־בית אלהינו"
        ], 
        [
            "וישבו שרי־העם בירושלם ושאר העם הפילו גורלות להביא אחד מן־העשרה לשבת בירושלם עיר הקדש ותשע הידות בערים", 
            "ויברכו העם לכל האנשים המתנדבים לשבת בירושלם", 
            "ואלה ראשי המדינה אשר ישבו בירושלם ובערי יהודה ישבו איש באחזתו בעריהם ישראל הכהנים והלוים והנתינים ובני עבדי שלמה", 
            "ובירושלם ישבו מבני יהודה ומבני בנימן מבני יהודה עתיה בן־עזיה בן־זכריה בן־אמריה בן־שפטיה בן־מהללאל מבני־פרץ", 
            "ומעשיה בן־ברוך בן־כל־חזה בן־חזיה בן־עדיה בן־יויריב בן־זכריה בן־השלני", 
            "כל־בני־פרץ הישבים בירושלם ארבע מאות ששים ושמנה אנשי־חיל", 
            "ואלה בני בנימן סלא בן־משלם בן־יועד בן־פדיה בן־קוליה בן־מעשיה בן־איתיאל בן־ישעיה", 
            "ואחריו גבי סלי תשע מאות עשרים ושמנה", 
            "ויואל בן־זכרי פקיד עליהם ויהודה בן־הסנואה על־העיר משנה", 
            "מן־הכהנים ידעיה בן־יויריב יכין", 
            "שריה בן־חלקיה בן־משלם בן־צדוק בן־מריות בן־אחיטוב נגד בית האלהים", 
            "ואחיהם עשי המלאכה לבית שמנה מאות עשרים ושנים ועדיה בן־ירחם בן־פלליה בן־אמצי בן־זכריה בן־פשחור בן־מלכיה", 
            "ואחיו ראשים לאבות מאתים ארבעים ושנים ועמשסי בן־עזראל בן־אחזי בן־משלמות בן־אמר", 
            "ואחיהם גבורי חיל מאה עשרים ושמנה ופקיד עליהם זבדיאל בן־הגדולים", 
            "ומן־הלוים שמעיה בן־חשוב בן־עזריקם בן־חשביה בן־בוני", 
            "ושבתי ויוזבד על־המלאכה החיצנה לבית האלהים מראשי הלוים", 
            "ומתניה בן־מיכה בן־זבדי בן־אסף ראש התחלה יהודה לתפלה ובקבקיה משנה מאחיו ועבדא בן־שמוע בן־גלל בן־ידיתון [ידותון]", 
            "כל־הלוים בעיר הקדש מאתים שמנים וארבעה", 
            "והשוערים עקוב טלמון ואחיהם השמרים בשערים מאה שבעים ושנים", 
            "ושאר ישראל הכהנים הלוים בכל־ערי יהודה איש בנחלתו", 
            "והנתינים ישבים בעפל וציחא וגשפא על־הנתינים", 
            "ופקיד הלוים בירושלם עזי בן־בני בן־חשביה בן־מתניה בן־מיכא מבני אסף המשררים לנגד מלאכת בית־האלהים", 
            "כי־מצות המלך עליהם ואמנה על־המשררים דבר־יום ביומו", 
            "ופתחיה בן־משיזבאל מבני־זרח בן־יהודה ליד המלך לכל־דבר לעם", 
            "ואל־החצרים בשדתם מבני יהודה ישבו בקרית הארבע ובנתיה ובדיבן ובנתיה וביקבצאל וחצריה", 
            "ובישוע ובמולדה ובבית פלט", 
            "ובחצר שועל ובבאר שבע ובנתיה", 
            "ובצקלג ובמכנה ובבנתיה", 
            "ובעין רמון ובצרעה ובירמות", 
            "זנח עדלם וחצריהם לכיש ושדתיה עזקה ובנתיה ויחנו מבאר־שבע עד־גיא־הנם", 
            "ובני בנימן מגבע מכמש ועיה ובית־אל ובנתיה", 
            "ענתות נב ענניה", 
            "חצור רמה גתים", 
            "חדיד צבעים נבלט", 
            "לד ואונו גי החרשים", 
            "ומן־הלוים מחלקות יהודה לבנימין"
        ], 
        [
            "ואלה הכהנים והלוים אשר עלו עם־זרבבל בן־שאלתיאל וישוע שריה ירמיה עזרא", 
            "אמריה מלוך חטוש", 
            "שכניה רחם מרמת", 
            "עדוא גנתוי אביה", 
            "מימין מעדיה בלגה", 
            "שמעיה ויויריב ידעיה", 
            "סלו עמוק חלקיה ידעיה אלה ראשי הכהנים ואחיהם בימי ישוע", 
            "והלוים ישוע בנוי קדמיאל שרביה יהודה מתניה על־הידות הוא ואחיו", 
            "ובקבקיה וענו [ועני] אחיהם לנגדם למשמרות", 
            "וישוע הוליד את־יויקים ויויקים הוליד את־אלישיב ואלישיב את־יוידע", 
            "ויוידע הוליד את־יונתן ויונתן הוליד את־ידוע", 
            "ובימי יויקים היו כהנים ראשי האבות לשריה מריה לירמיה חנניה", 
            "לעזרא משלם לאמריה יהוחנן", 
            "למלוכי [למליכו] יונתן לשבניה יוסף", 
            "לחרם עדנא למריות חלקי", 
            "לעדיא [לעדוא] זכריה לגנתון משלם", 
            "לאביה זכרי למנימין למועדיה פלטי", 
            "לבלגה שמוע לשמעיה יהונתן", 
            "וליויריב מתני לידעיה עזי", 
            "לסלי קלי לעמוק עבר", 
            "לחלקיה חשביה לידעיה נתנאל", 
            "הלוים בימי אלישיב יוידע ויוחנן וידוע כתובים ראשי אבות והכהנים על־מלכות דריוש הפרסי", 
            "בני לוי ראשי האבות כתובים על־ספר דברי הימים ועד־ימי יוחנן בן־אלישיב", 
            "וראשי הלוים חשביה שרביה וישוע בן־קדמיאל ואחיהם לנגדם להלל להודות במצות דויד איש־האלהים משמר לעמת משמר", 
            "מתניה ובקבקיה עבדיה משלם טלמון עקוב שמרים שוערים משמר באספי השערים", 
            "אלה בימי יויקים בן־ישוע בן־יוצדק ובימי נחמיה הפחה ועזרא הכהן הסופר", 
            "ובחנכת חומת ירושלם בקשו את־הלוים מכל־מקומתם להביאם לירושלם לעשת חנכה ושמחה ובתודות ובשיר מצלתים נבלים ובכנרות", 
            "ויאספו בני המשררים ומן־הככר סביבות ירושלם ומן־חצרי נטפתי", 
            "ומבית הגלגל ומשדות גבע ועזמות כי חצרים בנו להם המשררים סביבות ירושלם", 
            "ויטהרו הכהנים והלוים ויטהרו את־העם ואת־השערים ואת־החומה", 
            "ואעלה את־שרי יהודה מעל לחומה ואעמידה שתי תודת גדולת ותהלכת לימין מעל לחומה לשער האשפת", 
            "וילך אחריהם הושעיה וחצי שרי יהודה", 
            "ועזריה עזרא ומשלם", 
            "יהודה ובנימן ושמעיה וירמיה", 
            "ומבני הכהנים בחצצרות זכריה בן־יונתן בן־שמעיה בן־מתניה בן־מיכיה בן־זכור בן־אסף", 
            "ואחיו שמעיה ועזראל מללי גללי מעי נתנאל ויהודה חנני בכלי־שיר דויד איש האלהים ועזרא הסופר לפניהם", 
            "ועל שער העין ונגדם עלו על־מעלות עיר דויד במעלה לחומה מעל לבית דויד ועד שער המים מזרח", 
            "והתודה השנית ההולכת למואל ואני אחריה וחצי העם מעל להחומה מעל למגדל התנורים ועד החומה הרחבה", 
            "ומעל לשער־אפרים ועל־שער הישנה ועל־שער הדגים ומגדל חננאל ומגדל המאה ועד שער הצאן ועמדו בשער המטרה", 
            "ותעמדנה שתי התודת בבית האלהים ואני וחצי הסגנים עמי", 
            "והכהנים אליקים מעשיה מנימין מיכיה אליועיני זכריה חנניה בחצצרות", 
            "ומעשיה ושמעיה ואלעזר ועזי ויהוחנן ומלכיה ועילם ועזר וישמיעו המשררים ויזרחיה הפקיד", 
            "ויזבחו ביום־ההוא זבחים גדולים וישמחו כי האלהים שמחם שמחה גדולה וגם הנשים והילדים שמחו ותשמע שמחת ירושלם מרחוק", 
            "ויפקדו ביום ההוא אנשים על־הנשכות לאוצרות לתרומות לראשית ולמעשרות לכנוס בהם לשדי הערים מנאות התורה לכהנים וללוים כי שמחת יהודה על־הכהנים ועל־הלוים העמדים", 
            "וישמרו משמרת אלהיהם ומשמרת הטהרה והמשררים והשערים כמצות דויד שלמה בנו", 
            "כי־בימי דויד ואסף מקדם ראש [ראשי] המשררים ושיר־תהלה והדות לאלהים", 
            "וכל־ישראל בימי זרבבל ובימי נחמיה נתנים מניות המשררים והשערים דבר־יום ביומו ומקדשים ללוים והלוים מקדשים לבני אהרן"
        ], 
        [
            "ביום ההוא נקרא בספר משה באזני העם ונמצא כתוב בו אשר לא־יבוא עמני ומאבי בקהל האלהים עד־עולם", 
            "כי לא קדמו את־בני ישראל בלחם ובמים וישכר עליו את־בלעם לקללו ויהפך אלהינו הקללה לברכה", 
            "ויהי כשמעם את־התורה ויבדילו כל־ערב מישראל", 
            "ולפני מזה אלישיב הכהן נתון בלשכת בית־אלהינו קרוב לטוביה", 
            "ויעש לו לשכה גדולה ושם היו לפנים נתנים את־המנחה הלבונה והכלים ומעשר הדגן התירוש והיצהר מצות הלוים והמשררים והשערים ותרומת הכהנים", 
            "ובכל־זה לא הייתי בירושלם כי בשנת שלשים ושתים לארתחשסתא מלך־בבל באתי אל־המלך ולקץ ימים נשאלתי מן־המלך", 
            "ואבוא לירושלם ואבינה ברעה אשר עשה אלישיב לטוביה לעשות לו נשכה בחצרי בית האלהים", 
            "וירע לי מאד ואשליכה את־כל־כלי בית־טוביה החוץ מן־הלשכה", 
            "ואמרה ויטהרו הלשכות ואשיבה שם כלי בית האלהים את־המנחה והלבונה", 
            "ואדעה כי־מניות הלוים לא נתנה ויברחו איש־לשדהו הלוים והמשררים עשי המלאכה", 
            "ואריבה את־הסגנים ואמרה מדוע נעזב בית־האלהים ואקבצם ואעמדם על־עמדם", 
            "וכל־יהודה הביאו מעשר הדגן והתירוש והיצהר לאוצרות", 
            "ואוצרה על־אוצרות שלמיה הכהן וצדוק הסופר ופדיה מן־הלוים ועל־ידם חנן בן־זכור בן־מתניה כי נאמנים נחשבו ועליהם לחלק לאחיהם", 
            "זכרה־לי אלהי על־זאת ואל־תמח חסדי אשר עשיתי בבית אלהי ובמשמריו", 
            "בימים ההמה ראיתי ביהודה דרכים־גתות בשבת ומביאים הערמות ועמסים על־החמרים ואף־יין ענבים ותאנים וכל־משא ומביאים ירושלם ביום השבת ואעיד ביום מכרם ציד", 
            "והצרים ישבו בה מביאים דאג וכל־מכר ומכרים בשבת לבני יהודה ובירושלם", 
            "ואריבה את חרי יהודה ואמרה להם מה־הדבר הרע הזה אשר אתם עשים ומחללים את־יום השבת", 
            "הלוא כה עשו אבתיכם ויבא אלהינו עלינו את כל־הרעה הזאת ועל העיר הזאת ואתם מוסיפים חרון על־ישראל לחלל את־השבת", 
            "ויהי כאשר צללו שערי ירושלם לפני השבת ואמרה ויסגרו הדלתות ואמרה אשר לא יפתחום עד אחר השבת ומנערי העמדתי על־השערים לא־יבוא משא ביום השבת", 
            "וילינו הרכלים ומכרי כל־ממכר מחוץ לירושלם פעם ושתים", 
            "ואעידה בהם ואמרה אליהם מדוע אתם לנים נגד החומה אם־תשנו יד אשלח בכם מן־העת ההיא לא־באו בשבת", 
            "ואמרה ללוים אשר יהיו מטהרים ובאים שמרים השערים לקדש את־יום השבת גם־זאת זכרה־לי אלהי וחוסה עלי כרב חסדך", 
            "גם בימים ההם ראיתי את־היהודים השיבו נשים אשדודיות [אשדדיות] עמוניות [עמניות] מואביות", 
            "ובניהם חצי מדבר אשדודית ואינם מכירים לדבר יהודית וכלשון עם ועם", 
            "ואריב עמם ואקללם ואכה מהם אנשים ואמרטם ואשביעם באלהים אם־תתנו בנתיכם לבניהם ואם־תשאו מבנתיהם לבניכם ולכם", 
            "הלוא על־אלה חטא־שלמה מלך ישראל ובגוים הרבים לא־היה מלך כמהו ואהוב לאלהיו היה ויתנהו אלהים מלך על־כל־ישראל גם־אותו החטיאו הנשים הנכריות", 
            "ולכם הנשמע לעשת את כל־הרעה הגדולה הזאת למעל באלהינו להשיב נשים נכריות", 
            "ומבני יוידע בן־אלישיב הכהן הגדול חתן לסנבלט החרני ואבריחהו מעלי", 
            "זכרה להם אלהי על גאלי הכהנה וברית הכהנה והלוים", 
            "וטהרתים מכל־נכר ואעמידה משמרות לכהנים וללוים איש במלאכתו", 
            "ולקרבן העצים בעתים מזמנות ולבכורים זכרה־לי אלהי לטובה"
        ]
    ], 
    "versionSource": "http://www.tanach.us/Tanach.xml", 
    "heTitle": "נחמיה", 
    "categories": [
        "Tanakh", 
        "Writings"
    ]
}